id;title;content_preview;initial_ai_sentiment;manual_verified_label;notes
1;Kebakaran Besar di Pasar Jagong Jeget Aceh Hanguskan 96 Unit Kios;Sedikitnya 96 unit kios atau ruko berkonstruksi kayu ludes dilalap api imbas kebakaran hebat yang melanda kawasan Pasar Jagong Jeget, Aceh Tengah.;Negatif;0;
2;Operasi Masif PETI di Kuansing, Polda Riau Musnahkan 940 Rakit dalam 6 Bulan;Operasi Masif PETI di Kuansing, Polda Riau Musnahkan 940 Rakit dalam 6 Bulan;Netral;1;
3;Bareskrim Ungkap ABK Penyelundup 1,3 Ton Ketamin Dijanjikan Bonus Rp 178 Juta;Bareskrim Polri mendalami kasus penyelundupan 1,3 ton ketamin oleh ABK MV King Sun. Tersangka dijanjikan bonus hingga Rp 178 juta.;Negatif;0;
4;Suami di Banyuwangi Tusuk Istri Siri Hingga Tewas Karena Cemburu, Pelaku Terancam 20 Tahun Penjara;Korban tewas akibat satu tusukan di perut. Nyawa korban tak tertolong meski sempat dilarikan ke fasilitas kesehatan.;Negatif;0;
5;Kisah Penyintas Terorisme yang Bangkit usai Berdamai dengan Masa Lalu;Puluhan tahun setelah tragedi bom meneror ruang publik, luka para penyintas tidak serta-merta berakhir.;Negatif;0;
6;Kong Hyo Jin Ungkap Alasan Bintangi A Bona Fide Killer, Perankan Ibu Sekaligus Pembunuh;Dalam drama terbaru A Bona Fide Killer, aktris papan atas Korea Selatan Kong Hyo Jin menjelma menjadi seorang ibu sekaligus pembunuh bayaran legendaris.;Negatif;0;
7;Lebih BanyakFlash Video;Lebih BanyakFlash Video;Netral;1;
8;PLN Lakukan Pemulihan Kelistrikan Pascagempa M7.0 di Laut Flores;PLN memulihkan sistem kelistrikan NTT setelah gempa M7,7 mengguncang Laut Flores. PLTMG Maumere dan Rangko sempat padam akibat gempa susulan.;Negatif;0;
9;Bos Gendut Gembong Narkoba Kampung Bahari Ditangkap Saat Sedot Lemak;Gembong narkoba Kampung Bahari, MR atau Bos Gendut, ditangkap saat sedot lemak di salon. Ia terlibat kasus narkoba dan pencucian uang.;Negatif;0;
10;Perpres Ojol Bakal Terbit Akhir Bulan Ini, Atur Potongan Tarif Angkutan Orang hingga Makanan;Peraturan Presiden (Perpres) mengenai ojek online (ojol) masih dalam proses finalisasi. Diperkirakan aturan tersebut akan rampung pada akhir bulan Agustus ini.;Netral;1;
11;KPK Geledah 15 Lokasi di Empat Kota, Usut Kasus Pemerasan Bupati Pemalang;Penyidik KPK menyasar 10 rumah di Pemalang, dua rumah di Tegal, dua rumah di Pekalongan, dan satu rumah di Semarang;Netral;1;
12;Diaspora Kembangkan Kuliner Nusantara di Belanda dengan Dukungan BNI;Waroeng Padang Lapek menjadi contoh kolaborasi antara sektor perbankan dan pelaku usaha dapat menciptakan nilai tambah sekaligus memperkuat eksistensi produk serta budaya Indonesia di tingkat internasional.;Positif;2;
13;Harga Emas Antam Anteng di Level Rp2,725 Juta per Gram Hari Ini;Melansir Logam Mulia, harga emas beli kembali alias buyback juga masih bertahan di level Rp2,725 juta per gram, setelah sebelumnya melesat Rp80 ribu.;Netral;1;
14;BNSP lakukan penyaksian uji pertama LSP guna perkuat kompetensi 80 SDM;Badan Nasional Sertifikasi Profesi (BNSP) melakukan penyaksian uji pertama terhadap proses asesmen yang dilakukan enam ...;Netral;1;
15;Pemkot Jaksel minta jajaran tertibkan spanduk dan PKL jelang HUT RI;Pemerintah Kota Administrasi Jakarta Selatan (Pemkot Jaksel) meminta jajaran kecamatan hingga RW menerbitkan spanduk ...;Netral;1;
16;Sambut HUT RI ke 81 TNI Polri Bersihkan Sampah di Kanal Banjir Barat;Ratusan personel gabungan TNI/ POLRI dan petugas penanganan prasarana dan sarana umum (PPSU) mengangkat sampah liar di Kanal Banjir Barat kawasan RPTRA Kalijodoh Jakarta, Sabtu , 15 Agustus 2026. (KLY/ Arie Basuki).;Negatif;0;
17;Kapolri Ungkap Ancaman Serius yang Mengintai Anak Muda di Dunia Maya;Kapolri Jenderal Listyo Sigit Prabowo saat penutupan E-Sport Kapolri Cup 2026 di Indonesia Arena, Kecamatan Tanah Abang, Jakarta Pusat, Minggu (9/8/2026). (Liputan6/Rifqy Alief);Negatif;0;
18;Tingkatkan Kualitas Satuan Pendidikan, UIN Jakarta: dari Triguna hingga TKIP-SDIP Pamulang;UIN Jakarta terus memperkuat kualitas satuan pendidikan. Mulai aspek akademik dan fasilitas pendidikan, kesejahteraan guru serta tenaga kependidikan.;Positif;2;
19;Kemenhan gelar Ziarah Nasional Veteran di TMP Kalibata;Kementerian Pertahanan menggelar agenda Ziarah Nasional Veteran di Taman Makam Pahlawan (TMP) Kalibata, Jakarta, ...;Netral;1;
20;Investasi RI Tembus Rp 1.010 T, Pengusaha Ungkap Dampaknya ke Industri Lokal;Investasi Indonesia mencapai Rp 1.010 triliun pada semester I-2026, tumbuh 7,2%. HIPMI dorong penguatan industri lokal dan akses pembiayaan untuk pengusaha.;Positif;2;
21;Tiga Korban Gempa NTT di Sikka Ditemukan, Satu Meninggal;Kantor SAR Maumere mencatat tiga korban, yakni satu meninggal dunia dan dua lainnya mengalami luka-luka (Istimewa);Negatif;0;
22;Gempa M 7 di Nagekeo NTT Terasa hingga NTB, Picu Peringatan Dini Tsunami;Gempa bumi berkekuatan magnitudo 7 yang mengguncang wilayah Nusa Tenggara Timur (NTT) pada Sabtu 15 Agustus terasa hingga Pulau Lombok di Nusa Tenggara Barat (NTB);Negatif;0;
23;MyPertamina Pasar Rakyat Rayakan HUT RI ke-81, Ada Tebus Murah Sembako hingga Bazaar UMKM;Selama dua hari penyelenggaraan, pengunjung akan disuguhkan berbagai aktivitas seru, mulai dari zumba dan pilates, lomba bertema Kemerdekaan hingga bazaar UMKM.;Netral;1;
24;Pernyataan Berkelas Ole Romeny Usai Siksa Juara Liga Belanda PSV Eindhoven;Striker Timnas Indonesia, Ole Romeny, langsung menunjukkan ketajamannya pada pertandingan perdana bersama Fortuna Sittard di Eredivisie 2026/2027. Romeny mencetak satu g;Positif;2;
25;Dukung Gaya Hidup Penghuni dengan Hadirkan Fasilitas Terpadu;Kawasan seluas 2.000 hektare yang berjarak 500 meter dari Stasiun KRL Maja ini mengusung konsep kota terpadu.;Positif;2;
26;Komika Pandji Pragiwaksono Dipolisikan Buntut Gaduh 'Mens Rea';Komika Pandji Pragiwaksono Dipolisikan Buntut Gaduh 'Mens Rea';Netral;1;
27;Tembok Pembatas SD di Sleman Roboh Timpa Peserta Jalan Sehat, 10 Luka;Sepuluh peserta jalan sehat di Sleman, DIY mengalami luka-luka hingga dilarikan ke rumah sakit usai tertimpa tembok pembatas milik SDN Minomartani 2, Ngaglik.;Negatif;0;
28;Rupiah Menguat ke Rp17.729 per Dolar AS Jelang Akhir Pekan;Nilai tukar rupiah menguat menjadi Rp17.729 per dolar AS. Analis memprediksi konsolidasi menjelang rilis data neraca transaksi berjalan Indonesia.;Netral;1;
29;Walkot Bogor Harap ASN yang Hanyut di Sungai Cisadane Segera Ditemukan;Wali Kota Bogor, Dedie Rachim, prihatin atas hilangnya ASN Bayu Zulkarnain di Sungai Cisadane. Pencarian terus dilakukan oleh petugas SAR.;Netral;1;
30;Tak Butuh Lahan Luas, Ide Bisnis Ternak Puyuh Petelur Ini Bisa Jadi Sumber Cuan;Ide bisnis ternak puyuh petelur bisa dimulai dari skala kecil. Simak cara memilih bibit, menyiapkan kandang, memberi pakan, hingga menjual telur. Baca di sini;Netral;1;
31;Sakit Hati Disebut Kampungan, Siswa di Kupang Tikam Guru Saat Tidur;Arifin menjelaskan A baru sekitar dua tahun menetap di Kota Kupang. Setelah menyelesaikan pendidikan SMP di Kabupaten Alor, A meneruskan sekolah di SMK Pelayaran Lasiana;Netral;1;
32;Turnamen Padel Nasional Digelar, Wihaji Dorong Kegiatan Organisasi Lebih Adaptif;Wihaji menilai kegiatan olahraga seperti turnamen padel dapat menjadi salah satu bentuk transformasi agar organisasi tetap dekat dengan masyarakat.;Netral;1;
33;Babak Baru Kasus Sutrimo: Ekshumasi Jenazah hingga Sosok Febrio Adiono;Kematian Sutrimo yang disebut-sebut sebagai Kepala Rumah Tangga (Karumga) Febrie Adriansyah, kini memasuki babak baru.;Netral;1;
34;Menantu Trump Jared Kushner Lobi Israel untuk Rencana Perdamaian Gaza;Utusan Donald Trump, Jared Kushner, akan mengunjungi Israel dan Mesir untuk menjembatani perbedaan terkait rencana perdamaian dan gencatan senjata Gaza.;Netral;1;
35;Ajakan Hubungan Intim di Balik Kasus Mutilasi Depok;Tersangka kasus mutilasi di Depok, Saepullah alias SA (Liputan6.com/Ady Anugrahadi);Negatif;0;
36;"Trump Klaim Bakal Kuasai Selat Hormuz, Iran Reaksi Keras: ""Akan Tetap Milik Iran!""";Iran tegaskan Selat Hormuz tetap milik mereka usai Donald Trump mengklaim akan menjadikan jalur pelayaran vital tersebut sebagai wilayah AS.;Netral;1;
37;BBMKG: Waspada potensi rob di enam pesisir Bali pada 11=17 Agustus;Balai Besar Meteorologi Klimatologi dan Geofisika (BBMKG) Wilayah III Denpasar meminta masyarakat mewaspadai potensi ...;Negatif;0;
38;Ilmuwan Prediksi Bumi Makin Panas, El Nino 2027 Berpotensi Pecahkan Rekor Suhu;Laporan WMO memprediksi suhu global tetap tinggi hingga 2030. Fenomena El Ni&ntilde;;0;
39;Festival kuliner kayu batu, ajang promosi potensi kampung;ANTARA - Masyarakat Kampung Kayu Batu, Kota Jayapura,Papua menggelar Festival Kuliner Merah Putih sebagai bagian dari ...;Netral;1;
40;Hasil Serie A: Torino vs AC Milan, Adrian Rabiot Gemilang, Rossoneri Menang Tipis;AC Milan sukses menaklukkan Torino 2-1 dalam lanjutan Serie A. Adrien Rabiot tampil gemilang dengan satu gol dan satu assist setelah masuk sebagai pengganti.;Positif;2;
41;Harga Emas Hari Ini Naik Rp 10.000/Gram;Harga emas Antam naik Rp 10.000 per gram menjadi Rp 2.750.000. Cek rincian harga emas dari 0,5 gram hingga 1.000 gram per 24 Agustus 2026.;Netral;1;
42;Bambang Pacul Pesan LCC 4 Pilar MPR Jadi Wadah Perkuat Nilai Kebangsaan;Lomba Cerdas Cermat Empat Pilar MPR RI 2026 tingkat nasional diikuti 38 tim. Acara ini memperkuat pemahaman kebangsaan dan persatuan di kalangan generasi muda.;Netral;1;
43;Polisi Bakal Bongkar Makam Sutrimo Usai Kematian Dinilai Janggal;Penyidik dari Polda Metro Jaya bakal melakukan ekshumasi terhadap jasad Sutrimo menyusul laporan dari kerabat soal dugaan kejanggalan kematiannya.;Negatif;0;
44;Komisi Fatwa MUI: Pria Berbusana Wanita Saat Acara 17 Agustus Haram;Wakil Sekretaris Komisi Fatwa MUI Abdul Muiz Ali mengatakan ketentuan tersebut berlaku dalam perspektif syariat Islam. Menurut dia, penggunaan busana lawan jenis juga ber;Netral;1;
45;Kapolri Terima Anugerah Anggota Kehormatan di Muktamar Tapak Suci;Muktamar XVI Tapak Suci Resmi Dibuka di Semarang. Dalam gelaran ini, Kapolri Listyo Sigit Prabowo menerima Anugerah Anggota Kehormatan.;Netral;1;
46;Jusuf Kalla dukung GIHES 2026 untuk fokus pada pendidikan berkarakter;&nbsp;;2;
47;Dituding Jadi Wanita Berbaju Putih Challenge Miras, Nadhea Klarifikasi;Nadhea Devi membantah tudingan sebagai wanita berbaju putih dalam kasus miras di festival musik. Dia bantah keterlibatan dan minta netizen tidak gegabah.;Negatif;0;
48;Prabowo Tiba di JCC Senayan, Bakal Jadi Saksi Nikah Kasespri;Presiden Prabowo Subianto tiba di Jakarta Convention Center (JCC), Senayan, Jakarta, Minggu (23/8/2026) pagi. Kehadirannya dalam rangka menghadiri prosesi akad nikah Kasesprinya, Rizky Irmansyah.;Netral;1;
49;Peringatan Keras ke Pelaku Pungli Road Barrier Kota Tua;Peringatan Keras ke Pelaku Pungli Road Barrier Kota Tua;Negatif;0;
50;BSI Tuntaskan Transformasi Teknologi, Nasabah Capai Rekor Tertinggi;BSI mencatatkan rekor jumlah nasabah 24,3 juta di 2026 transformasi teknologi mendukung pertumbuhan bisnis dan layanan digital yang lebih baik.;Positif;2;
51;China Bersiap Menyerang, Taiwan Siapkan 'Neraka Drone';Taktik Taiwan ini terinspirasi dari perang di Ukraina.;Netral;1;
52;Menkum soal Wacana Pengadilan Ad Hoc BUMN: Jadi Warning Buat Semua;Menteri Hukum, Supratman Andi Agtas mengatakan, wacana pengadilan ad hoc untuk mengusut pengelolaan BUMN adalah bentuk warning atau peringatan.;Netral;1;
53;BRI Resmi Luncurkan BRImo Taiwan, Perluas Akses Layanan Keuangan bagi Diaspora Indonesia di Taiwan;BRI meluncurkan BRImo Taiwan untuk memudahkan diaspora Indonesia dan PMI mengakses layanan perbankan, transaksi harian, serta pengiriman dana ke Indonesia.;Netral;1;
54;Gerindra Jelaskan Maksud Prabowo Tanya 'Partai Koalisi Kuat' saat Retret;Gerindra Jelaskan Maksud Prabowo Tanya 'Partai Koalisi Kuat' saat Retret;Netral;1;
55;Pria di Depok Ditusuk hingga Tewas Saat Tidur, Polisi Selidiki;Pria di Depok Ditusuk hingga Tewas Saat Tidur, Polisi Selidiki;Negatif;0;
56;KPK Geledah 15 Lokasi di Empat Kota, Usut Kasus Pemerasan Bupati Pemalang;Penyidik KPK menyasar 10 rumah di Pemalang, dua rumah di Tegal, dua rumah di Pekalongan, dan satu rumah di Semarang;Netral;1;
57;Perumda Pasar Jaya Gelar Bazar Prime Ramadan di Balkot, Catat Tanggalnya;Perumda Pasar Jaya Gelar Bazar Prime Ramadan di Balkot, Catat Tanggalnya;Netral;1;
58;Hari Ini ke Transmart Full Day Sale Yuk, Intip Barang Diskon 50% + 20%;Selama gelaran Transmart Full Day Sale berlangsung, berlaku diskon belanja hingga 50% + 20% untuk pembelian aneka produk. Simak daftarnya.;Netral;1;
59;Pemkot Pekanbaru terapkan pembelajaran daring bagi peserta didik;Pemerintah Kota Pekanbaru, Provinsi Riau menerapkan pembelajaran jarak jauh (PJJ) atau daring dari rumah bagi peserta ...;Netral;1;
60;Projo Gelar HUT ke-12 di Jakarta, Budi Arie Tegaskan Dukung Prabowo;Jokowi absen dalam peringatan hari ulang tahun (HUT) ke-12 salah satu organisasi relawan utamanya, Projo.;Positif;2;
61;36 Ribu Kendaraan Melintas di Puncak Bogor, Lalin Megamendung-Cisarua Padat;Polisi mencatat 36 ribu kendaraan melintas di Jalan Raya Puncak pada long weekend. Penerapan sistem one way mengakibatkan kepadatan di beberapa titik.;Negatif;0;
62;Kebakaran Gedung Bapenda, 1 Korban Dilarikan ke RS Tarakan;Kebakaran di Gedung Bapenda DKI Jakarta menyebabkan satu korban dilarikan di RSUD Tarakan. Tidak ada korban jiwa dalam insiden ini.;Negatif;0;
63;Langgar Izin Tinggal, Pria Kelahiran Israel di Bali Dideportasi dan Dicekal;Kantor Imigrasi Ngurah Rai seorang warga negara Lithuania yang lahir di Israel berinisial BR. Ia melakukan pelanggaran izin tinggal.;Negatif;0;
64;Bupati Klaten Promosikan Potensi Daerah di Forum Indonesia - China;Bupati Hamenang menyebut, presentasi tersebut mendapat respons positif dari sejumlah delegasi pemerintah daerah China.;Positif;2;
65;Ismael Bennacer Akhiri Kontrak di AC Milan, Al Gharafa Jadi Tujuan Berikutnya;AC Milan dan Ismael Bennacer resmi mengakhiri kerja sama lebih awal. Gelandang Aljazair ini dikabarkan akan melanjutkan karier ke klub Qatar, Al Gharafa.;Netral;1;
66;Polres Sikka dan Brimob Bangun Tenda Darurat di RSU Santo Gabriel Kewapante;Di RSU Santo Gabriel Kewapante, personel Polsek Kewapante bersama Kompi 4 Batalyon B Pelopor Maumere mendirikan sejumlah tenda darurat untuk korban gempa M 7.;Negatif;0;
67;Bareskrim Polri Tetapkan 72 Tersangka Kasus Dugaan Pembakaran Hutan dan Lahan;Dirtipidter Bareskrim Polri menetapkan 72 orang sebagai tersangka kasus dugaan pembakaran hutan dan lahan di Kalimantan. 72 orang tersebut ditetapkan tersangka oleh Polda di 9 wilayah Indonesia.;Negatif;0;
68;Mendag Budi Santoso Dorong UMKM Naik Kelas lewat Penguatan Rantai Nilai Global;Mendag Budi Santoso mendorong penguatan akses pembiayaan UMKM, konektivitas, fasilitasi perdagangan, kapasitas domestik, serta kerja sama BRICS untuk membangun rantai nilai global yang tangguh dan inklusif.;Positif;2;
69;Febrie Gugat Penahanan Kejagung, Minta Dibebaskan Hakim Praperadilan;Mantan Jaksa Agung Muda, Febrie Adriansyah, ajukan praperadilan untuk batalkan penahanan dan nyatakan tidak sah surat perintah penahanan terkait kasus TPPU.;Negatif;0;
70;Bareskrim bongkar dugaan peredaran narkoba di HH Club Batam;Direktorat Tindak Pidana Narkoba Badan Reserse Kriminal Polri membongkar kasus dugaan peredaran narkoba di tempat ...;Negatif;0;
71;Tsunami Juga Terdeteksi di Baubau dan Bulukumba Usai Gempa M 7 NTT;Gelombang tsunami terdeteksi di Baubau dan Bulukumba setelah gempa M 7 di NTT. Ketinggian gelombang mencapai 0,3 meter.;Negatif;0;
72;Gara-gara Peternak Kambing Temukan Sebongkah Emas, 10.000 Orang Berbondong-bondong Berburu Harta Karun;Desa kecil di Kenya tiba-tiba dilanda 'demam emas' gara-gara seorang peternak kambing menemukan sebongkah emas. Sekitar 10.000 orang berdatangan berburu harta karun tersebut.;Netral;1;
73;Kemenpar Siapkan Lahan Poltekpar NHI Bandung untuk Percepat Pembangunan Sekolah Rakyat;REPUBLIKA.CO.ID, BANDUNG, – Kementerian Pariwisata (Kemenpar) memberikan dukungan penuh terhadap percepatan pembangunan Sekolah Rakyat dengan menyediakan sebagian lahan Kampus Politeknik Pariwisata (Poltekpar) NHI Bandung di Dayeuhkolot, Kabupaten Bandung, Jawa...;Positif;2;
74;Kalimantan Tengah Diguyur Hujan Usai Gubernur bersama Masyarakat Gelar Salat Istisqa & Doa Bersama.;Sejumlah wilayah Kalimantan Tengah diguyur hujan beberapa jam setelah Gubernur Agustiar Sabran bersama masyarakat menggelar Salat Istisqa dan doa bersama.;Netral;1;
75;Wakapolri: Jangan Cuma Jadi Penonton, Jadilah Talenta Digital;Wakapolri Komjen Pol Dedi Prasetyo mengatakan Polri ingin hadir di ruang yang dekat dengan kehidupan generasi muda.;Netral;1;
76;Istana Bantah Isu Haji Isam Pimpin Penanganan Karhutla RI;Istana membantah isu yang menyebut pengusaha asal Kalimantan, Andi Syamsuddin Arsyad alias Haji Isam menjadi koordinator penanganan Karhutla.;Netral;1;
77;KPK Sebut Aturan Kuota Tambahan 50:50 Murni Inisiatif Yaqut, Bukan Permintaan Arab Saudi;KPK memastikan Pemerintah Arab Saudi tidak pernah mencampuri urusan distribusi tambahan 20.000 kuota haji milik Indonesia.;Netral;1;
78;Polda Kaltim Tetapkan 3 Tersangka Karhutla di Kutai Kartanegara dan Berau;Saat di lokasi, lanjutnya, Tim gabungan menemukan tersangka N dan JP yang mengaku membuka atau merintis lahan dengan cara membakar.;Negatif;0;
79;Harga Emas Antam Hari Ini Tak Berubah di Rp2,69 Juta per Gram;Harga emas Antam (ANTM) pada hari ini, Senin (10/8/2026) stagnan di Rp2.690.000 per gram.;Netral;1;
80;Kota Padang Panjang Luncurkan Aplikasi Papago, Perkuat Transformasi Digital Pelayanan Publik;Pemerintah Kota Padang Panjang meluncurkan Papago untuk mengintegrasikan informasi dan layanan pemerintah dalam satu platform sekaligus memudahkan masyarakat menyampaikan aduan, aspirasi, serta mengakses berbagai informasi publik.;Netral;1;
81;Kisah Cinta Willy Dozan dan Betharia Sonata, Sempat Renggang Usai Cerai, Kini Kembali Akur Demi Anak;Kisah cinta Willy Dozan dan Betharia Sonata berawal dari pernikahan pada 1990 dan berakhir dengan perceraian pada 2002. Kini keduanya tetap kompak demi anak.;Netral;1;
82;Sukses Dukung Program 3 Juta Rumah, Pemkot Bandar Lampung Raih Penghargaan;Program 3 Juta Rumah menjadi salah satu langkah strategis dalam mendorong terpenuhinya kebutuhan tempat tinggal sekaligus meningkatkan kesejahteraan masyarakat.;Positif;2;
83;Di Balik Sesar Naik Flores Selalu Ada Ancaman Gempa dan Bangkitkan Tsunami;Tim penyelamat mencari korban di reruntuhan setelah gempa berkekuatan magnitudo 7,7 mengguncang Pulau Flores di Pelabuhan Laurensius Say di Maumere, Sikka, Nusa Tenggara Timur, Sabtu, 15 Agustus 2026. (AFP/ Arnold Welianto);Negatif;0;
84;Menkum Supratman: Putusan MK soal Penghinaan Presiden Itu Pertegas KUHP;Menteri Hukum (Menkum) Supratman Andi Agtas angkat bicara soal putusan MK mengenai delik penghinaan presiden dan wakil presiden (wapres) tidak bisa dituntut orang lain.;Netral;1;
85;Transmart Full Day Sale! Alat Kebersihan Jadi Semurah Ini;Transmart Full Day Sale kembali hadir pada Minggu (28/8/2026).;Netral;1;
86;Hasil La Liga: Getafe vs Racing Santander, Gol Enes Unai Pastikan Kemenangan Azulones;Getafe berhasil menundukkan Racing Santander dengan skor tipis 1-0 dalam lanjutan La Liga berkat gol tunggal Enes Unai di menit ke-81.;Positif;2;
87;Sebelum Sang Saka Merah Putih berkibar;Pukul 04.00 WIB, ketika sebagian besar anak seusia mereka masih terlelap, 76 calon Pasukan Pengibar Bendera Pusaka ...;Netral;1;
88;18 Hektare Lahan Perhutani di Jampangtengah Sukabumi Terbakar;LAHAN seluas 18 hektare di Desa Bojongjengkol Kecamatan Jampangtengah, Kabupaten Sukabumi, Jawa Barat, terbakar. Penyebabnya diduga ada unsur kesengajaan.;Negatif;0;
89;Purbaya: Anggaran TKD Rp44 miliar untuk NTT sudah disalurkan;Purbaya: Anggaran TKD Rp44 miliar untuk NTT sudah disalurkan;Netral;1;
90;Deret Saham Ciamik yang Bisa Dilirik Pekan Ini;IHSG masih berpeluang menguat dalam sepekan ke depan. Investor dapat mencermati beberapa saham berpeluang cuan, mulai dari perbankan hingga telco.;Netral;1;
91;Proses alih kelola transportasi Kep Seribu masih dalam tahap kajian;Kepala Dinas Pehubungan (Dishub) DKI Jakarta Budi Awaluddin mengatakan proses pengalihan pengelolaan transportasi ke ...;Netral;1;
92;Jalan Tegar Beriman-Bomang Ditargetkan Tersambung melalui Flyover pada 2027;Pemkab Bogor menargetkan pembangunan Flyover Bomang pada 2027 untuk menghubungkan Jalan Tegar Beriman dengan jalur Bojonggede-Kemang sekaligus memperkuat akses masyarakat menuju pusat pemerintahan di Cibinong.;Positif;2;
93;Sebelum Gempa M 7,7, NTT Pernah Diguncang Gempa Dahsyat pada 1992;Gempa bumi tektonik berkekuatan magnitudo 7,0 mengguncang wilayah Nusa Tenggara Timur (NTT) pada Sabtu 15 Agustus terasa hingga Pulau Lombok di Nusa Tenggara Barat (NTB);Negatif;0;
94;Iran Kecam Sanksi Ekonomi dari AS, Sebut Rusak Tatanan Global;Iran kecam sanksi ekonomi baru AS dan menilainya sebagai pelanggaran kedaulatan dan hukum internasional, serta memperingatkan dampak negatif ke tatanan global.;Negatif;0;
95;DPRD Kota Bogor Kawal Pembangunan Trase Baru Batutulis, Target Selesai Oktober 2026;DPRD Kota Bogor mengawal pembangunan trase baru Batutulis yang ditargetkan rampung pada Oktober 2026 untuk memulihkan konektivitas dan meningkatkan keselamatan pengguna jalan.;Positif;2;
96;Emoji Loud Crying Face Populer di Gen Z, Apa Maknanya?;Emoji loud crying face (😭) kini jadi favorit Gen Z, menggantikan emoji lain. Apa maknanya?;Netral;1;
97;JPO 'Love-Hate Relationship' di Rasuna Said Dibongkar;Warga melintasi tangga JPO di Jalan HR Rasuna Said, Jakarta (Liputan6.com/Helmi Fithriansyah);Netral;1;
98;Istana Respons Isu Prabowo Tunjuk Haji Isam Koordinator Atasi Karhutla;Istana menanggapi isu viral Haji Isam ditunjuk Prabowo sebagai koordinator penanganan karhutla.;Netral;1;
99;Bea-Cukai Banten Musnahkan 41,2 Juta Rokok Ilegal dan 1.739 Liter MMEA;Barang ilegal yang dimusnahkan merupakan akumulasi hasil penindakan Bea Cukai Banten bersama Bea Cukai Merak dan Bea Cukai Tangerang.;Negatif;0;
100;Tak Selalu Permanen, Uban karena Stres Ternyata Bisa Menghitam Kembali;Uban ternyata tak selalu permanen. dr. Adam Prabata mengungkap stres dapat memengaruhi warna rambut, bahkan uban bisa kembali ke warna aslinya saat stres menurun.;Netral;1;
101;PSSI Akhirnya Buka Suara Usai Timnas Indonesia Jadi Pesakitan di Piala AFF 2026;PSSI buka suara setelah Timnas Indonesia gagal melangkah ke semifinal Piala AFF 2026. Hasil imbang 1-1 melawan Singapura di Stadion Jalan Besar, Kallang, Jumat 7 Agustus;Negatif;0;
102;Masih Ada Warga Terjebak di Reruntuhan Bangunan Akibat Gempa M 7 NTT;BNPB mengungkap masih ada korban yang terjebak di reruntuhan bangunan akibat gempa bumi M 7 di NTT. Tim gabungan berupaya melakukan pencarian dan pertolongan.;Negatif;0;
103;Dituding Jadi Wanita Berbaju Putih Challenge Miras, Nadhea Klarifikasi;Nadhea Devi membantah tudingan sebagai wanita berbaju putih dalam kasus miras di festival musik. Dia bantah keterlibatan dan minta netizen tidak gegabah.;Negatif;0;
104;NPOPTKP Tidak Muncul saat Pengajuan BPHTB? Ini Penjelasan dan Solusi dari Bapenda DKI;Nilai Perolehan Objek Pajak Tidak Kena Pajak (NPOPTKP) merupakan komponen krusial dalam penghitungan Bea Perolehan Hak atas Tanah dan Bangunan (BPHTB).;Positif;2;
105;Gempa NTT, Hercules dan Kapal Perang Dikerahkan Bantu Korban di Nagekeo;TNI dikerahkan membantu korban gempa NTT. (Puspen TNI);Negatif;0;
106;Padang Panjang Raih IKD Dukcapil Prima Award 2026, Perkuat Transformasi Layanan Digital;Melalui Dinas Kependudukan dan Pencatatan Sipil (Disdukcapil), Padang Panjang berhasil meraih IKD Dukcapil Prima Award 2026 dari Kementerian Dalam Negeri Republik Indonesia.;Positif;2;
107;"Polisi Batang Ungkap ""Kuda"" Peredaran 779 Gram Sabu senilai Rp1,16 Miliar";Dari hasil penangkapan dilakukan, petugas berhasil mengamankan barang bukti yakni 7 paket shabu besar total 756 gram, 2 paket sedang total 13 gram, dan 10 paket kecil total 10 gram.;Negatif;0;
108;Menteri PU Sebut Sungai Barito Masih Bisa Dilalui Kapal;Menteri Pekerjaan Umum (PU) Dody Hanggodo menegaskan, Sungai Barito tidak mengalami kekeringan secara keseluruhan.;Netral;1;
109;Percepat Pemadaman Karhutla, APHI dan Gapki Dorong Protokol Bersama;APHI dan Gapki mendorong penguatan kolaborasi multipihak serta pembentukan protokol bersama untuk mempercepat pemadaman karhutla.;Positif;2;
110;IHSG Berpotensi Tancap Gas Jelang Akhir Pekan Ini;Analis memperkirakan IHSG memiliki dua skenario pergerakan, yakni berpeluang melanjutkan penguatan dan skenario terburuk membuka risiko koreksi.;Netral;1;
111;Dorong Kolaborasi Lintas Perspektif untuk Masa Depan Arsitektur Indonesia;LIXIL Water Technology Indonesia mendorong penguatan kolaborasi lintas disiplin dalam pengembangan arsitektur dan desain di Indonesia melalui penyelenggaraan LDAD 2026.;Positif;2;
112;Peringatan Tsunami Gempa NTT Berakhir, Warga Diminta Tetap Jauhi Pantai;Pelaksana Tugas (Plt) Kepala Pusat Data, Informasi, dan Komunikasi Kebencanaan (Kapusdatinkom) BNPB Berton Suar Pelita Panjaitan saat menyampaikan keterangan pers terkait gempa NTT. (Istimewa);Negatif;0;
113;PNM Peduli Bergerak Penuhi Kebutuhan Warga Terdampak Gempa NTT;Sebanyak 147 paket bantuan dengan total nilai Rp 144 juta disalurkan kepada 1.347 penerima manfaat di delapan titik pengungsian/wilayah terdampak.;Positif;2;
114;Piala Emirates: Arsenal vs Borussia Dortmund, The Gunners Takluk 2-3;Arsenal harus mengakui keunggulan Borussia Dortmund dengan skor 2-3 dalam laga Piala Emirates. Meski kalah di waktu normal, The Gunners menang adu penalti.;Positif;2;
115;Kasus 996 Senjata di Sekolah, Kuasa Hukum Bantah Ada Ekskul Menembak;Yayasan Harapan Ibu Pondok Pinang (YHI-PP) memberlakukan sistem pendidikan jarak jauh (PJJ) selama satu minggu setelah polisi menemukan 996 senjata di ruangan mantan ketua yayasan. (Liputan6.com/Rifqy Alief Abiyya);Negatif;0;
116;Apel Kebangsaan Jaga Jakarta Digelar di Monas Hari Ini;Apel Kebangsaan Jaga Jakarta digelar di Monas, diinisiasi Polda Metro Jaya dengan menggandeng Kodam Jaya, Pemprov DKI dan sejumlah elemen masyarakat.;Netral;1;
117;Zulhas Akui Ada Program Pemerintah Belum Optimal, Minta Doa Ulama;Suasana doa keselamatan bangsa, zikir kebangsaan, dan haul pendiri NKRI yang diinisiasi Pengurus Besar Jamiyah Ahlith Thariqah Al Mutabaroh Ahlussunnah Wal Jamaah (PB Jatma Aswaja) di Masjid Istiqlal, Jakarta, Minggu (9/8/2026). (ANTARA);Netral;1;
118;Momen Detik-detik Pesawat Terbesar di Dunia Mendarat di Soekarno Hatta;Pesawat Airbus A380-800 milik Emirates mendarat di Bandar Udara Internasional Soekarno-Hatta, Tangerang Banten Sabtu malam 8 Agustus 2026. Intip seperti apa penampakannya;Netral;1;
119;Ikatan dan Makin Rapuh, AS Uji Loyalitas bagi Anggota NATO;AS mengaitkan pemberian dukungan militer bagi anggota NATO dengan sejauh mana mereka sejalan dengan kebijakan luar negeri Presiden Donald Trump,. Itu dilaporkan Bloomberg.;Positif;2;
120;Timothy Ronald Bangun Sekolah ke-5 di Sumba Timur, Targetkan 1.000 Sekolah;Timothy Ronald melalui Ronald Foundation meresmikan pembangunan sekolah ke-5 di Sumba Timur, NTT, sebagai bagian dari misi membangun 1.000 sekolah di Indonesia.;Positif;2;
121;Update Gempa M7,7 NTT: 14 Orang Meninggal dan Puluhan Bangunan Rusak;Gempa bumi berkekuatan magnitudo (M) 7,7 yang mengguncang wilayah Nusa Tenggara Timur (NTT) pada Sabtu (15/8/2026) pukul 04.58.24 WIB mengakibatkan korban jiwa dan kerusakan bangunan di sejumlah wilayah.;Negatif;0;
122;Kalimantan Dilanda Karhutla, BNPB: Layanan Penerbangan Tetap Berjalan Aman;BNPB turut memantau dampak asap kebakaran hutan dan lahan (Karhutla) di Kalimantan terhadap sektor transportasi udara. Kepekatan asap sempat menyebabkan penurunan jarak pandang di wilayah Banjarbaru, Palangka Raya, dan Pontianak.;Netral;1;
123;Kemenag Rilis Panduan Takbiran di Bali Jika Berbarengan dengan Nyepi;Kemenag Rilis Panduan Takbiran di Bali Jika Berbarengan dengan Nyepi;Netral;1;
124;BNI Buka Presale Eksklusif Tiket Andrea Bocelli 'Romanza' di Indonesia;BNI membuka presale tiket konser Andrea Bocelli dengan diskon hingga 20% untuk nasabah, konser di Indonesia merayakan 30 tahun album Romanza.;Netral;1;
125;Tito Ungkap Pendapatan Pemda Turun Jadi Rp608 T, TKD Jadi Fokus;Mendagri Tito Karnavian mengatakan realisasi pendapatan pemerintah daerah mencapai Rp606,8 triliun atau 51,05 persen hingga 31 Juli 2026.;Positif;2;
126;Prabowo Bakal Cek Penanganan Kebakaran Hutan Sumatra Hari Ini;Peninjauan kebakaran hutan Sumatra merupakan kelanjutan dari kunjungan Prabowo setelah menyambangi Kalimantan.;Negatif;0;
127;Media: Stok rudal pencegat AS tersedia lagi di April 2027;Dokumen Pentagon menyebutkan&nbsp;;1;
128;DPRD Bandung Perketat Pengawasan Proyek RSUD dan Gedung Inspektorat, Risiko Hukum hingga Anggaran Dipetakan;DPRD Kota Bandung mulai memetakan berbagai potensi risiko dalam proyek pembangunan Gedung Rumah Sakit Umum Daerah (RSUD) Kota Bandung dan Gedung Inspektorat Daerah.;Positif;2;
129;E-Sports Kapolri Cup 2026 Tembus 35.936 Peserta, 3 Rekor MURI Dipecahkan Sekaligus;E-Sports Kapolri Cup 2026 sukses digelar diikuti 35.936 peserta dari 34 Polda dan 403 Polres. Ajang ini juga berhasil mencetak 3 rekor MURI sekaligus.;Positif;2;
130;Jadi Juara Liga Tenis Indonesia 2026 Seri 1, Lucky Candra Kurniawan Alihkan Fokus ke Asian Games;Petenis Lucky Candra Kurniawan menjuarai Liga Tenis Indonesia 2026 Seri 1 di Jakarta. Gelar ini jadi modal penting menuju persiapan Asian Games 2026.;Positif;2;
131;Golkar Salurkan 350 Ribu Benih Ikan ke Bandung Barat, Dorong Budidaya Perikanan Berkualitas;Wakil Ketua Komisi IV DPR RI Panggah Susanto dan Anggota Komisi IV DPR RI, Dadang M. Naser, menyalurkan bantuan sebanyak 350 ribu ekor benih ikan ke masyarakat.;Positif;2;
132;KAI Targetkan Tahap Pertama Proyek Green Line Rampung 2027;KAI menargetkan pengembangan KRL Green Line Tanah Abang-Rangkasbitung rampung pada 2027, dengan penambahan gardu listrik dan modernisasi rangkaian.;Netral;1;
133;Gerebek Sampah dan Tanam Pohon, Pemprov DKI Wujudkan Jakarta Asri;Pemprov DKI Jakarta bersama TNI-Polri menggelar gerebek sampah, diikuti penanaman pohon di kawasan Kalijodo, Jakarta Barat, Sabtu (15/8).;Netral;1;
134;DPRD Bandung Targetkan Perda BPR Syariah Rampung, Transformasi Perseroda Diharap Dongkrak PAD;DPRD Kota Bandung bersama Pemerintah Kota Bandung tengah mempercepat pembahasan Rancangan Peraturan Daerah (Raperda) tentang perubahan bentuk badan hukum BPR Syariah;Netral;1;
135;Ini Daftar Pemeran Film Oki & Nirmala dan Jadwal Tayang;Film Oki &amp;;1;
136;FOTO: Semarak Apel Kebangsaan Jaga Jakarta untuk Indonesia;Apel Kebangsaan Jaga Jakarta untuk Indonesia digelar di Lapangan Monumen Nasional (Monas), Jakarta Pusat, Sabtu (8/8) pagi.;Netral;1;
137;Daya Beli Tertekan, Industri Kecantikan Dorong Produk Terjangkau dan Berkualitas;Prof Adjunct Marniati mengatakan kondisi ekonomi yang menantang justru dapat menjadi momentum bagi produk kosmetik, khususnya lipstik.;Netral;1;
138;Hashim Djojohadikusumo: Jangan Borong Hunian Terjangkau;Hashim Djojohadikusumo mengingatkan hunian terjangkau tidak boleh diborong agar masyarakat mendapat kesempatan memiliki apartemen secara adil.;Positif;2;
139;Prabowo Tak Singgung IKN saat Pidato RAPBN 2027, Basuki Buka Suara;Kepala Otorita Ibu Kota Negara (OIKN) Basuki Hadimuljono buka suara mengenai pembangunan IKN yang secara khusus tidak disebut Presiden Prabowo Subianto ketika menyampaikan Rancangan Anggaran Pendapatan dan Belanja Negara (RAPBN) 2027. Prabowo hanya fokus pada 8 sektor Program Kerja Prioritas Nasiona;Positif;2;
140;Menteri Ekonomi Kreatif Dukung Padang Jadi City of Gastronomy UNESCO;Menteri Ekonomi Kreatif Teuku Riefky Harsya mendukung langkah Padang menuju City of Gastronomy UNESCO melalui penguatan ekosistem ekonomi kreatif dan pembenahan sektor gastronomi.;Positif;2;
141;Menkeu: Kurang dari 24 Jam, Bea-Cukai Gagalkan Dua Penyelundupan Emas Senilai Rp 63 Miliar;Menteri Keuangan Purbaya Yudhi Sadewa meminta Bea dan Cukai terus meningkatkan kapabilitas dan beradaptasi terhadap perkembangan modus penyelundupan.;Netral;1;
142;Rumah Buatan BRIN Tak Ambruk Usai Diguncang Gempa NTT, Ini Rahasianya;BRIN mengonfirmasi tiga rumah tahan gempa di NTT tetap berdiri setelah diguncang gempa M7,7 dan rentetan gempa susulan.;Negatif;0;
143;Pemerintah Klaim Telah Guyur Beras 1,6 Juta Ton untuk Tekan Harga;Badan Pangan Nasional mengatakan sampai 21 Agustus 2026, pemerintah telah menggelontorkan Cadangan Beras Pemerintah (CBP) 1,65 juta ton;Netral;1;
144;Kilang Minyak Aramco Diserang Drone Houthi, Iran Ajukan Syarat Buka Selat Hormuz;Kilang minyak Saudi Aramco di Jazan terbakar akibat serangan drone Houthi. Sementara itu, Iran ajukan syarat berat kepada AS untuk pembukaan Selat Hormuz.&nbsp;;0;
147;PT Pertamina Patra Niaga RU Cilacap Buka Tender Penggantian Column Assy 11C-1;"PT Pertamina Patra Niaga Refinery Unit (RU) IV Cilacap secara resmi mengumumkan pelaksanaan tender terbuka untuk pekerjaan bertajuk ""PENGGANTIAN COLUMN ASSY 11C-1 AREA FOC I PT. PERTAMINA PATRA NIAGA DI RU IV CILACAP"".";Netral;1;
148;Yili Group Mendorong Inovasi dan Kolaborasi untuk Ekosistem Susu Global yang Berkelanjutan pada World Dairy Congress 2026;Yili Group Hohhot, China (ANTARA/Xinhua-AsiaNet) &ndash;;2;
149;Dokter Tifa Kaget Ban Mobilnya Robek Panjang, Netizen Bicara Teror dan Pengecut;Tifauzia Tyassuma (Dokter Tifa) kaget ban mobilnya mendadak kempes. Peristiwa itu dialaminya usai rapat di kawasan Jakarta Selatan.;Negatif;0;
150;Pertamina Patra Niaga Kirim Logistik bagi Penyintas Gempa di Palue;PT Pertamina Patra Niaga menyalurkan bantuan logistik dan kebutuhan dasar kepada 534 penyintas gempa di Kecamatan Palue, Kabupaten Sikka, Nusa Tenggara Timur.;Negatif;0;
151;Kebutuhan Hunian Terus Meningkat, Pasar Apartemen di Jatinangor kian Menjanjikan;Sebagai salah satu kawasan pendidikan, kebutuhan hunian di Jatinangor bagi mahasiswa maupun pekerja menjadi peluang tersendiri bagi bisnis apartemen.;Positif;2;
152;Berdayakan Ibu-ibu PKK, UMMADA Cirebon Kembangkan Manisan dari Kulit Semangka;REPUBLIKA.CO.ID, KUNINGAN -&nbsp;;2;
153;Empat orang tewas dalam insiden kekerasan di Chicago, Amerika Serikat;Empat orang tewas dalam insiden penembakan dan penikaman yang terjadi secara terpisah sepanjang malam di Chicago, ...;Negatif;0;
154;Presiden Prabowo Bersama Jokowi Jadi Saksi Momen Sakral Ijab Kabul Kasespri;Presiden Prabowo Subianto dan Presiden ke-7 Joko Widodo (Jokowi) menjadi saksi dalam prosesi akad nikah Kepala Sekretaris Pribadi (Kasespri) Rizky Irmansyah dengan Chika Yenalovi.;Netral;1;
155;Kejar Mimpi Rising Start Digelar di Bandung, Upaya CIMB Niaga Lakukan Edukasi dan Literasi Keuangan Anak Muda;CIMB Niaga menggulirkan gerakan utama #KejarMimpi yang dirancang khusus untuk mewadahi aspirasi, pengembangan diri, dan literasi keuangan anak muda Indonesia.;Netral;1;
156;Berburu Promo di wondrX 2026, Ada Diskon Sepatu hingga 40 Persen;BNI wondrX 2026 menghadirkan beragam penawaran untuk kebutuhan belanja, perjalanan, kuliner, properti, otomotif, hingga layanan finansial.;Netral;1;
157;Gempa NTT Menewaskan 33 Orang, Istana Berduka;Tim penyelamat mencari korban di reruntuhan setelah gempa berkekuatan magnitudo 7,7 mengguncang Pulau Flores di Pelabuhan Laurensius Say di Maumere, Sikka, Nusa Tenggara Timur, Sabtu, 15 Agustus 2026. (AFP/ Arnold Welianto);Negatif;0;
158;Arab Saudi Blokir DP Haji RI hingga Rp66 Miliar;Pemerintah Indonesia kirim nota diplomatik usai pemblokiran 14 juta riyal oleh Arab Saudi terkait dugaan pelanggaran asuransi haji 2026.;Negatif;0;
159;"Changhong Tunjuk Rossa sebagai Brand Ambassador Kampanye ""Langgeng Bersama""";Kolaborasi ini menjadi langkah strategis Changhong untuk semakin mendekatkan diri dengan masyarakat melalui sosok yang inspiratif, hangat, dan dicintai lintas generasi.;Positif;2;
160;Harga Emas Dunia Stabil di US$4.339, Emas Antam Bertahan Rp2,69 Juta per Gram;Harga emas dunia stabil di US$4.339,59 per ons troi, sementara itu harga emas Antam bertahan Rp2,69 juta per gram pada hari ini Senin, 10 Agustus 2026.;Positif;2;
161;Bulog Pastikan Stok Beras Aman dan Distribusi di NTT Tetap Lancar;Melalui penguatan stok, mobilisasi pangan, dan optimalisasi distribusi, Bulog memastikan kebutuhan beras masyarakat NTT tetap terpenuhi.;Positif;2;
162;Trump Tuding Kanada Ingin Keuntungan Sebagai Negara Bagian;Negosiasi perdagangan AS dan Kanada runtuh. Donald Trump memberlakukan tarif 50 persen, sementara PM Mark Carney bersiap membalas &quot;;0;
163;Judi Online Modus Pulsa Terbongkar, Transaksi Capai Rp 890 M;Pengungkapan kasus dugaan judi online (judol) oleh Bareskrim Polri. (Liputan6.com/Rifqy);Negatif;0;
164;Polresta Banyumas Serahkan Pengusutan Kasus Sutrimo ke Polda Metro;Polresta Banyumas serahkan kasus kematian Sutrimo ke Polda Metro Jaya. Penyidik akan lakukan ekshumasi untuk menyelidiki kejanggalan.;Netral;1;
165;BBMKG: Waspada potensi rob di enam pesisir Bali pada 11=17 Agustus;Balai Besar Meteorologi Klimatologi dan Geofisika (BBMKG) Wilayah III Denpasar meminta masyarakat mewaspadai potensi ...;Negatif;0;
166;Andre Rosiade Bagikan 1.000 Paket Sembako di Ketaping Kuranji;Andre Rosiade Bagikan 1.000 Paket Sembako di Ketaping Kuranji;Netral;1;
167;Trump Ingin Akhiri Perang dengan Iran Meski tanpa Kesepakatan Nuklir;Donald Trump dilaporkan bersiap mempertimbangkan penghentian perang dengan Iran tanpa kesepakatan nuklir, dengan syarat Selat Hormuz dibuka secara penuh.;Netral;1;
168;Sisi Lain Lapas Perempuan Bandung: Ada Bayi, MPASI hingga Jalan-jalan Keluar;Sisi lain Lapas perempuan Bandung: Ada bayi, MPASI hingga jalan-jalan keluar.;Netral;1;
169;Polisi Beber Cara Identifikasi Meterai Palsu: Cek Pakai Air Liur;Polda Metro mengatakan untuk orang awam bisa mengecek keaslian sebuah meterai menggunakan air atau air liur pada bagian belakangnya. Jika menempel, maka asli.;Negatif;0;
170;Pernyataan Berkelas Ole Romeny Usai Siksa Juara Liga Belanda PSV Eindhoven;Striker Timnas Indonesia, Ole Romeny, langsung menunjukkan ketajamannya pada pertandingan perdana bersama Fortuna Sittard di Eredivisie 2026/2027. Romeny mencetak satu g;Positif;2;
171;Bikin Geger! Pejabat Eselon II Banda Aceh Diamankan Gegara Dugaan Hubungan Sesama Jenis, Kini Diperiksa Intensif;Seorang pejabat eselon II Pada pemerintah Kota Banda Aceh, telah diamankan Satuan Polisi Pamong Praja dan Wilayatul Hisbah (Satpol PP-WH) Kota Banda Aceh.;Negatif;0;
172;KPK Geledah 15 Lokasi di Kasus Bupati Pemalang, Ini Hasilnya;Bupati Pemalang Anom Widiyantoro berjalan menuju mobil tahanan usai menjalani pemeriksaan di Gedung Merah Putih KPK, Jakarta, Kamis (30/7/2026). (KLY/ Arie Basuki);Netral;1;
173;Komitmen dan Strategi Citilink Dukung Produk Lokal Go Global via Inflight Shop;Maskapai penerbangan Citilink menegaskan komitmen dan dukungannya pada pengembangan produk-produk lokal asli Tanah Air, agar bisa berdaya saing hingga ke level go global.;Positif;2;
174;Ketua Kwartir Cabang Pekanbaru Terima Lencana Darma Bakti di Peringatan Hari Pramuka ke-65;Lencana Darma Bakti merupakan tanda penghargaan bagi seseorang di dalam maupun di luar Gerakan Pramuka yang telah memberikan jasa atau pengabdian besar bagi perkembangan Gerakan Pramuka dan kepramukaan dunia.;Netral;1;
175;Puncak Bogor Terasa Lebih Dingin Saat Kemarau, Pakar IPB University Ungkap Penyebabnya;Di tengah musim kemarau panjang saat ini, suhu udara di kawasan Puncak, Kabupaten Bogor, justru terasa semakin dingin menjelang sore hingga malam hari.;Netral;1;
176;Penyebab Kebakaran Maut di Tebet karena Gangguan Listrik;Kebakaran di kosan dan fotocopy di Tebet menewaskan 4 orang dan 1 terluka. Penyebab diduga gangguan listrik. 86 personel dikerahkan untuk pemadaman.;Negatif;0;
177;Video: 107 Warga Tanjungsari Bogor Diduga Keracunan Mie Ayam MBG;Video: 107 Warga Tanjungsari Bogor Diduga Keracunan Mie Ayam MBG;Netral;1;
178;Jasa Marga Perkuat Layanan Tol Berbasis Teknologi, Utamakan Keselamatan Pengguna;REPUBLIKA.CO.ID, JAKARTA, – PT Jasa Marga (Persero) Tbk menegaskan komitmennya dalam memperkuat layanan jalan tol berbasis teknologi dengan fokus utama pada keselamatan pengguna. Transformasi ini dilakukan melalui peningkatan kualitas...;Positif;2;
179;Sepekan Terpapar Asap Karhutla, Warga Palangka Raya Alami Batuk Parah;Kabut asap masih membumbung tinggi dan menyelimuti Palangka Raya, Kalimantan Tengah, setelah sepekan dilanda kebakaran hutan dan lahan (karhutla).;Negatif;0;
180;KLH/BPLH Ajak Anak Muda Bedah MRT Sebagai Solusi Krisis Ekologi Kota;Kementerian Lingkungan Hidup gelar program KELANA untuk edukasi lingkungan bagi pelajar untuk belajar tentang transportasi berkelanjutan dan dampak ekologisnya.;Netral;1;
181;6 Desain Rumah dengan Biaya Rp 30 Juta yang Sederhana, Hemat, dan Tetap Layak Huni di Desa;Desain rumah dengan biaya Rp 30 juta memang menantang. Simak 6 model rumah sederhana di desa lengkap spesifikasi, material, dan rincian biayanya.;Netral;1;
182;KAI Siapkan Jalur Kereta Baru di 3 Wilayah usai Dititah Prabowo;KAI siapkan pengembangan jalur kereta baru di Sumatra, Kalimantan, dan Bali mengikuti arahan Presiden Prabowo untuk mendukung logistik dan transportasi.;Positif;2;
183;Video Solusi JK Atasi Banjir Jakarta, Sarankan Hunian Bertingkat;Video Solusi JK Atasi Banjir Jakarta, Sarankan Hunian Bertingkat;Netral;1;
184;Reuni Che'Nelle dan EIGO Lewat Lagu Taisetsu na Mono untuk DOCOMO Future Museum;Che'Nelle kembali bekerja sama dengan penulis lagu EIGO untuk merilis &quot;;1;
185;Pramono Putuskan Bongkar JPO 'Love-Hate Relationship' Rasuna Said;"Gubernur DKI Jakarta Pramono Anung memutuskan untuk membongkar JPO ""Love-Hate Relationship"" di kawasan Jalan HR Rasuna Said, Kuningan, Jakarta Selatan (Jaksel).";Netral;1;
186;Punya Waktu Terbatas? Ini Strategi Main Game Minecraft Java Edition agar Satu Jam Tetap Menghasilkan Banyak Progres;Punya waktu main Minecraft Java Edition hanya satu jam? Ikuti strategi ini agar eksplorasi, mining, crafting, hingga membangun base tetap menghasilkan progres maksimal.;Positif;2;
187;Bos BGN Akui Siswa di Berastagi Trauma Makan MBG usai Kasus Keracunan;Kepala BGN Sudaryono mengakui trauma siswa SMAN 1 Berastagi akibat keracunan. Ia berjanji perbaikan tata kelola MBG untuk mencegah kejadian serupa.;Netral;1;
188;MUI: Hadiah Lomba 17 Agustus yang Berasal dari Uang Pendaftaran Peserta Tergolong Judi;MUI ingatkan hukum menggunakan uang pendaftaran peserta sebagai sumber biaya hadiah lomba 17 Agustus tergolong praktik judi (qimar).;Negatif;0;
189;KKP dan Masyarakat Bersihkan Pantai Papela dalam Peringatan HUT Ke-81 RI, Angkut 3,2 Ton Sampah;KKP bersama lebih dari 450 masyarakat Rote Ndao membersihkan Pantai Papela dan mengangkut 3,2 ton sampah dalam rangka memperingati HUT ke-81 Kemerdekaan RI.;Netral;1;
190;Menteri PPPA Buka Suara soal Temuan Ratusan Senjata di Sekolah Jaksel;Menteri PPPA Arifah Fauzi prihatin atas temuan ratusan senjata dan narkoba di sekolah swasta Jakarta. Ia mendorong lingkungan belajar yang aman bagi anak.;Netral;1;
191;Shin Tae-yong Siapkan Persija Hadapi Dua Tim Thailand, Pemain Timnas Indonesia Dapat Perlakuan Khusus;Shin Tae-yong menyiapkan Persija menghadapi dua tim Thailand. Enam pemain Timnas Indonesia mendapat program khusus usai Piala AFF 2026 sebelum Super League.;Netral;1;
192;Kemenimipas-Kemenkes gelar pemeriksaan katarak dan CKGsambut HUT RI;Kementerian Imigrasi dan Pemasyarakatan bersama Kementerian Kesehatan melaksanakan pemeriksaan katarak dan cek ...;Netral;1;
193;Jalin Sinergi dengan Kementerian Koperasi, BPJS Kesehatan Raih Penghargaan Bakti Koperasi Pradana Nayaka;Perluasan kerja sama dengan Klinik dan Apotek Merah Putih merupakan salah satu indikator Quick Wins Direksi BPJS Kesehatan periode 2026-2031.;Positif;2;
194;Orang Tua Siswa Sekolah Rakyat Menangis Haru di Hadapan Seskab Teddy;Siti Yuliana, seorang ibu rumah tangga asal Jakarta Utara menangis di hadapan Sekretaris Kabinet Teddy Indra Wijaya, Menteri Sosial Saifullah Yusuf (Gus Ipul);Netral;1;
195;Pemerintah Kebut Pemulihan Infrastruktur dan Pangan di Solok Raya;Pemerintah percepat pemulihan pascabencana di Solok dengan fokus pada infrastruktur, hunian, dan pertanian, anggaran segera direalisasikan.;Positif;2;
196;Dukung Swasembada Pangan, Polda Banten Panen Raya Jagung Kuartal IV 2025;Dukung Swasembada Pangan, Polda Banten Panen Raya Jagung Kuartal IV 2025;Positif;2;
197;Program PESAT Malinau Ciptakan Lapangan Kerja;Program Pertanian Sehat yang diinisiasi Bupati Malinau, Wempi W. Mawa, tak hanya memperkuat ketahanan pangan tapi juga membuka lapangan kerja.;Netral;1;
198;Kasus Dugaan Kekerasan Seksual DJ Wanita di Jaksel, Polisi Segera Tentukan Nasib Terduga Pelaku yang Ngaku Punya Jabatan;Polisi segera menentukan status hukum TI, terlapor dalam kasus dugaan kekerasan seksual terhadap seorang perempuan yang berprofesi sebagai disc jockey (DJ).;Negatif;0;
199;Istana soal Kewarganegaraan Ganda Terbatas: Jika Disetujui Harus Selektif;Prabowo mengusulkan perubahan undang-undang untuk kewarganegaraan ganda terbatas bagi talenta istimewa. Istana mengatakan jika disetujui harus selektif.;Netral;1;
200;Kolaborasi Pegadaian-BRI, Cicil Emas Makin Mudah lewat BRImo;Masyarakat kini dapat memulai investasi emas langsung melalui BRImo sekaligus memanfaatkan promo yang tersedia selama periode program.;Positif;2;
201;Pemerintah Perkuat Food Estate Kalteng dengan Manajemen Risiko Lintas Sektor;REPUBLIKA.CO.ID, JAKARTA, – Pemerintah memperkuat pengembangan food estate di Kalimantan Tengah (Kalteng) melalui penerapan manajemen risiko lintas sektor. Langkah ini diambil untuk meningkatkan efektivitas proyek, mendukung target swasembada pangan,...;Positif;2;
202;BMKG Ungkap Gempa di NTT Disebabkan Sesar Naik Busur Belakang Flores;BMKG menyebut bahwa gempa bermagnitudo 7,7 yang mengguncang wilayah Nusa Tenggara Timur (NTT) pada Sabtu subuh diakibatkan oleh sesar naik busur belakang Flores.;Negatif;0;
203;Iran Pasang Aturan Baru! Siapkan Beban Tarif untuk Kapal Asing yang Melintas di Selat Hormuz;Iran siapkan aturan baru di Selat Hormuz! Kapal asing yang melintas bakal dibebani biaya layanan. Kebijakan ini memicu ketegangan baru dengan AS.;Netral;1;
204;Detik-detik Kebakaran Hebat Lahap Gedung Bapenda DKI;Gedung Badan Pendapatan Daerah (Bapenda) DKI Jakarta mengalami kebakaran pada Jumat (7/8) malam.;Negatif;0;
205;Jadwal TKA SMA 2026 Lengkap, Cek Waktu Pengerjaan dan Materi yang Diujikan;Tes Kemampuan Akademik (TKA) SMA sederajat 2026 akan dilaksanakan selama empat hari. Selain mempersiapkan diri menghadapi tes, murid juga perlu mengetahui jadwal, urutan mata uji, hingga alokasi waktu pengerjaan setiap sesi.;Netral;1;
206;Dari Santunan Menuju Kemandirian, PEKA Dorong Keluarga Pekerja Bangkit;BPJS Ketenagakerjaan menghadirkan pendampingan dan pemberdayaan bagi keluarga pekerja agar mampu bangkit, memiliki keterampilan, membangun sumber penghidupan baru, dan hidup mandiri melalui program PEKA.;Positif;2;
207;Baznas dan KHCF Yordania Perkuat Kerja Sama Kesehatan untuk Palestina;Baznas RI salurkan bantuan Rp1,7 miliar dan siapkan beasiswa kesehatan bagi warga Palestina melalui kerja sama dengan KHCF Yordania.;Positif;2;
208;Update Gempa NTT, 14 Orang Meninggal dan Puluhan Bangunan Rusak;Korban meninggal sementara tercatat di Kabupaten Sikka sebanyak 3 orang, Kabupaten Manggarai 6 orang dan Kabupaten Manggarai Timur 5 orang.;Negatif;0;
209;Menteri UMKM Targetkan Diskon 50% Biaya Layanan Berlaku Pekan Depan;Menteri UMKM Maman Abdurrahman menargetkan penerapan diskon 50% biaya layanan bagi penjual (seller) UMKM di platform e-commerce berlaku pekan depan.;Netral;1;
210;Target Pertumbuhan Ekonomi 6%, Bamsoet Berikan Masukan;Bambang Soesatyo menilai target pertumbuhan ekonomi 6% dalam RAPBN 2027 ambisius. Ia menekankan pentingnya peran sektor swasta dan investasi untuk mencapainya.;Positif;2;
211;"Changhong Tunjuk Rossa sebagai Brand Ambassador Kampanye ""Langgeng Bersama""";Kolaborasi ini menjadi langkah strategis Changhong untuk semakin mendekatkan diri dengan masyarakat melalui sosok yang inspiratif, hangat, dan dicintai lintas generasi.;Positif;2;
212;Harga Emas Antam Hari Ini Tak Berubah di Rp2,69 Juta per Gram;Harga emas Antam (ANTM) pada hari ini, Senin (10/8/2026) stagnan di Rp2.690.000 per gram.;Netral;1;
213;Mendagri Tito Karnavian Buka Kolaborasi Kementerian dan Lembaga dalam Mengapresiasi Pemda Berprestasi;Apresiasi Pemerintah Daerah Berprestasi 2026 menjadi ruang kolaborasi lintas kementerian dan lembaga untuk mendorong daerah meningkatkan kinerja dalam bidang prioritas yang selaras dengan Asta Cita. Penghargaan ini sekaligus menegaskan bahwa pembangunan yang berpihak kepada rakyat membutuhkan kerja;Positif;2;
214;Kabar Terbaru dari Polisi soal Penahanan Richard Lee;Kabar Terbaru dari Polisi soal Penahanan Richard Lee;Negatif;0;
215;E-Sports Kapolri Cup 2026 Tembus 35.936 Peserta, 3 Rekor MURI Dipecahkan Sekaligus;E-Sports Kapolri Cup 2026 sukses digelar diikuti 35.936 peserta dari 34 Polda dan 403 Polres. Ajang ini juga berhasil mencetak 3 rekor MURI sekaligus.;Positif;2;
216;Hujan Es Terjang 3 Distrik Lanny Jaya Papua Bikin Petani Gagal Panen;Hujan es di Lanny Jaya merusak tanaman dan menyebabkan petani gagal panen. Bupati Aletinus Yigibalom bentuk Tim Tanggap Darurat untuk penanganan bencana.;Negatif;0;
217;Pesawat Listrik Terbesar Dunia Terbang Perdana, Target Beroperasi 2031;Pesawat listrik terbesar di dunia X1 sukses terbang perdana dan mendarat di New York.;Positif;2;
218;FOTO: Berlari 38,15 Detik, Robot Tiangong Juara Lari 400 Meter;Robot humanoid asal China, Tiangong, menyabet medali emas di nomor lari 400 meter dengan catatan waktu 38,15 detik di ajang World Humanoid Robot Games 2026.;Positif;2;
219;Gus Ipul Tekankan Tiga Prioritas dalam Pengelolaan Sekolah Rakyat;Gus Ipul menekankan pentingnya membangun budaya disiplin dan kepedulian terhadap fasilitas sekolah rakyat yang merupakan aset negara.;Positif;2;
220;Ada yang Tolak Jalur Sepeda Dihapus, Ini Respons Pemprov DKI;Sejumlah warga tidak sepakat bila nantinya jalur sepeda di Jakarta dihapus. Pemprov DKI Jakarta siap mencari solusi terbaik.;Positif;2;
221;Pramono Tanggapi Rencana Demo Warga Pati di Jakarta 26-27 Agustus;Pramono menyebut, demonstrasi merupakan bagian dari demokrasi dan diperbolehkan, tetapi massa diminta tidak melakukan tindakan anarkis.;Negatif;0;
222;BRI Life Terbukti Perkuat Kinerja dan Profesionalisme Tenaga Penjualan;Asuransi BRI Life kembali menorehkan prestasi di industri asuransi jiwa dengan meraih enam penghargaan dalam ajang Top Agent & Distribution Excellence Awards (TADEA) 2026.;Positif;2;
223;Update Korban Gempa M 7 NTT: 14 Orang Tewas dan 13 Luka;Dari 14 korban tewas, 3 di antaranya di Sikka. Kemudian 6 orang meninggal dunia di Manggarai, lalu 5 orang meninggal dunia di Manggarai Timur.;Negatif;0;
224;Kasus 996 Senjata di Sekolah, Kuasa Hukum Bantah Ada Ekskul Menembak;Yayasan Harapan Ibu Pondok Pinang (YHI-PP) memberlakukan sistem pendidikan jarak jauh (PJJ) selama satu minggu setelah polisi menemukan 996 senjata di ruangan mantan ketua yayasan. (Liputan6.com/Rifqy Alief Abiyya);Negatif;0;
225;Plan Indonesia respons kebutuhan korban anak terdampak gempa NTT;Direktur Eksekutif Plan Indonesia&nbsp;;2;
226;Hadiri Hari Bhayangkara, Ketua DPRD Kota Bogor Apresiasi Kinerja Polri;Adityawarman menegaskan peringatan Hari Bhayangkara ke-80 bukan sekadar seremoni, tetapi menjadi momentum untuk memperkuat sinergi antara pemerintah daerah, DPRD, aparat keamanan, dan masyarakat.;Positif;2;
227;Sejarah Gempa Dahsyat di Bali hingga Nusa Tenggara Akibat Sesar Naik Flores;Gempa bumi berkekuatan magnitudo (M) 7,7 mengguncang wilayah Nusa Tenggara Timur (NTT), Sabtu (15/8/2026) pagi. Gempa berpusat sekitar 30 kilometer timur laut Mbay, Kabupaten Nagekeo.;Negatif;0;
228;Indonesia Raih Medali Perak dan Perunggu di Kejuaraan Asia Hoki Bawah Air CMAS 2026;Tim Indonesia sukses mengamankan medali perak dan perunggu pada Kejuaraan Asia Hoki Bawah Air CMAS 2026 yang digelar di Puncak, Bogor.;Positif;2;
229;MRT Siapkan 24 Area Komersial di Jalur Bawah Tanah Bundaran HI;PT MRT Jakarta siapkan 24 area multifungsi di Stasiun Bundaran HI. Ruang 4.439 m² ini mendukung ritel, FdanB, dan layanan untuk pengguna MRT.;Positif;2;
230;Beban Utang G7 Memuncak: AS Tembus Rp707 Ribu Triliun, Suku Bunga Global Ancam Keuangan Dunia;Perekonomian negara-negara maju (G7) menghadapi tekanan finansial paling sengit dalam beberapa dekade terakhir. Dipicu oleh lonjakan utang Amerika menembus rekor Rp707.154 triliun.;Positif;2;
231;DPR Dukung Pemerintah Perketat Naturalisasi WNA Demi Lindungi Aset RI;Ketua Komisi XIII DPR Willy Aditya mendorong pemerintah memperketat naturalisasi, tak cuma berdasarkan status atlet maupun ikatan pernikahan.;Positif;2;
232;Pegadaian Hadirkan Solusi Cicil Tabungan Emas;Pegadaian memberikan fasilitas pembiayaan kepemilikan saldo emas melalui skema angsuran yang terjangkau;Positif;2;
233;Sedikitnya 11 tewas dalam penembakan terpisah di Cape Town, Afsel;Sedikitnya 11 orang tewas dalam tiga insiden penembakan terpisah di wilayah metropolitan Cape Town, Afrika Selatan, ...;Negatif;0;
234;Waspada Hujan Lebat Sabtu Ini, Simak Daftar Wilayahnya;BMKG mengeluarkan peringatan hujan lebat untuk Sabtu ini. Wilayah berpotensi hujan termasuk Sumatra Utara dan Kalimantan. Waspada angin kencang!;Negatif;0;
235;Kolaborasi Pemkot Bekasi dan Kejaksaan Dukung Olahraga bagi Disabilitas;Melalui PEPARPEDA, para atlet pelajar disabilitas memperoleh kesempatan untuk menunjukkan kemampuan, kedisiplinan, semangat berkompetisi, dan potensi yang dimiliki pada cabang olahraga yang dipertandingkan.;Positif;2;
236;Gubernur: Sinergi Pemprov DKI dan Kejati Perkuat Pembangunan Jakarta;Kolaborasi Pemprov DKI dan Kejati membantu penyelesaian berbagai persoalan hukum terkait kepentingan pembangunan dan pengelolaan aset daerah.;Positif;2;
237;34.256 jiwa di Nagekeo masih mengungsi akibat gempa bumi NTT;ANTARA -&nbsp;;0;
238;Budi Arie: Kalau Berantas Korupsi, Harus Disapu dari Pusat Kekuasaan;Ketua Umum Projo, Budi Arie Setiadi, dukung Prabowo dalam pemberantasan korupsi di pusat kekuasaan.;Negatif;0;
239;Fahri Hamzah Bicara Masa Depan Indonesia Butuh Sosok Pemimpin seperti Philosopher King;Wakil Ketua Umum Partai Gelora Indonesia Fahri Hamzah mengingatkan bahwa kunci keberhasilan negara melintasi disrupsi zaman di era digital ini berada pada perpaduan utuh antara kekuasaan (power) dan kapasitas intelektual (ilmu).;Positif;2;
240;Bolehkah Menunda atau Mengatur Jarak Imunisasi Anak? Ini Kata Ahli;Keinginan menunda jadwal vaksinasi anak sering kali terlintas pada orangtua. Simak risiko kesehatan dan penjelasan medis terkait bahaya menunda imunisasi.;Negatif;0;
241;Pria Kelahiran Israel Buka Jasa Urus Visa ke Bali Dideportasi;BR warga kelahiran Israel dideportasi dari Bali karena melanggar izin tinggal. Ia membuka jasa urus visa ke Pulau Dewata RI.;Negatif;0;
242;Prabowo Segera Tinjau Korban Gempa NTT;Prabowo akan melihat langsung kondisi korban gempa di NTT.;Negatif;0;
243;KBRI Koordinasi dengan Aparat Singapura Kawal Kecelakaan Tewaskan Bocah WNI;KBRI Koordinasi dengan Aparat Singapura Kawal Kecelakaan Tewaskan Bocah WNI;Negatif;0;
244;Kebakaran Mal di Makassar, Pengunjung-Karyawan Alami Sesak Napas;Kebakaran melanda mal di Makassar, Sulawesi Selatan, akibat dugaan korsleting listrik. 30 armada Damkar dikerahkan, tidak ada korban jiwa.;Negatif;0;
245;Tak Perlu Bingung, Kini Lapor Polisi Bisa Lewat SuperApp Polri dan Langsung Terhubung ke Polsek;Kualitas pelayanan ke masyarakat lewat teknologi digital, terus dilakukan Polri. Yang terbaru lewat aplikasi SuperApp Polri yang punya fitur layanan darurat 110.;Negatif;0;
246;Gubernur NTT: Korban Meninggal Akibat Gempa Bertambah Jadi Lima Orang;Gubernur NTT Melki Laka Lena mengatakan jumlah korban meninggal dunia akibat gempa berkekuatan magnitudo 7,7 di Mbay, Kabupaten Nagekeo bertambah menjadi lima orang.;Negatif;0;
247;Komisi V DPR: Harus ada integrasi kelembagaan tangani bencana;Komisi V DPR: Harus ada integrasi kelembagaan tangani bencana;Negatif;0;
248;Gubernur NTT: Wilayah Utara Flores Paling Terdampak Gempa M 7,7;Gubernur NTT, Melki Laka Lena mengatakan wilayah utara Pulau Flores paling banyak terdampak oleh gempa magnitudo 7,7 yang berpusat di Kota Mbay, Kabupaten Nagekeo.;Negatif;0;
249;Tito Ungkap Pendapatan Pemda Turun Jadi Rp608 T, TKD Jadi Fokus;Mendagri Tito Karnavian mengatakan realisasi pendapatan pemerintah daerah mencapai Rp606,8 triliun atau 51,05 persen hingga 31 Juli 2026.;Positif;2;
250;Terapi Hormon Estrogen Bantu Turunkan Risiko Demensia pada Perempuan;Studi terhadap 21.000 perempuan mengungkap penggunaan terapi hormon estrogen dapat menurunkan risiko demensia dan gejala Alzheimer hingga 39%. Simak temuannya.;Positif;2;
251;Cerita dari Lantai 16 Saat Gedung Bapenda Terbakar;Gedung Bapenda DKI Kebakaran. (Liputan6.com/Winda Nelfira);Negatif;0;
252;Bos Gendut Gembong Narkoba Kampung Bahari Ditangkap Saat Sedot Lemak;Gembong narkoba Kampung Bahari, MR atau Bos Gendut, ditangkap saat sedot lemak di salon. Ia terlibat kasus narkoba dan pencucian uang.;Negatif;0;
253;Ulah 72 Tersangka Karhutla yang Disebut Kejahatan Luar Biasa;Polri menetapkan 72 tersangka kebakaran hutan di Indonesia. Modus mereka adalah membakar lahan untuk biaya murah;Negatif;0;
254;Kebakaran landa warteg dan bengkel di Tambora Jakbar;Kebakaran melanda warteg dan bengkel di Jalan Prof. Dr. Latumenten, RT 08/RW 09 Angke, Tambora, Jakarta Barat, pada ...;Negatif;0;
255;Panik Gempa M7,7, Turis Labuan Bajo Keluar Hotel Pakai Handuk;Gempa NTT terasa hingga Labuan Bajo, membuat turis panik. (Istimewa);Negatif;0;
256;FOTO: Aksi Robocop China Terjun Langsung Atur Lalu Lintas;China mulai mengerahkan robocop untuk mengatur arus lalu lintas di Kota Hangzhou. Dengan kamera dan radar, robot ini bisa mendeteksi pelanggaran lalu lintas.;Negatif;0;
257;Sore Ketika Pasar Memilih Percaya;Pidato Presiden Prabowo soal RAPBN 2027 mendorong optimisme pasar. IHSG menguat 1,59% pada 14 Agustus 2026 di tengah harapan terhadap kepastian fiskal dan reformasi.;Positif;2;
258;Peringatan Keras ke Pelaku Pungli Road Barrier Kota Tua;Peringatan Keras ke Pelaku Pungli Road Barrier Kota Tua;Negatif;0;
259;Kado Kemerdekaan RI ke-81, Indonesia Resmi Ekspor 1.000 Ton Beras ke Malaysia;Indonesia mulai mengekspor 1.000 ton beras premium ke Malaysia setelah mencapai swasembada. Ekspor berpotensi meningkat hingga 200.000 ton per tahun.;Positif;2;
260;Getaran Gempa NTT Terasa Kuat Hingga Lombok, Warga Panik Berhamburan;Gempa tektonik M 7,0 di Nagekeo, NTT pada Sabtu subuh berdampak hingga ke Lombok, NTB. Warga Mataram panik keluar rumah akibat guncangan yang terasa cukup lama.;Negatif;0;
261;Legislator PKB Apresiasi Capaian Pemerintah, Terus Kawal Swasembada Pangan;Komisi IV DPR RI dikatakan akan terus mengawal swasembada pangan yang menjadi target pemerintah terhadap sejumlah sektor.;Positif;2;
262;Banjir Landa Suriah, 2 Anak dan 1 Relawan Tewas;Banjir Landa Suriah, 2 Anak dan 1 Relawan Tewas;Negatif;0;
263;Ketua RT di Pamulang Tangsel Jadi Tersangka Usai Tegur Warga Bakar Sampah;Ketua RT di Pamulang, Tangsel menjadi tersangka kasus dugaan penganiayaan. Kasus ini bermula saat Chris menegur warga bernama Fakhriadi karena membakar sampah.;Negatif;0;
264;Sepekan Gempa NTT, PU Perbaiki 34 Titik Longsor dan 9 Jembatan;Kementerian Pekerjaan Umum (PU) terus menangani kerusakan infrastruktur akibat gempa bumi yang mengguncang NTT pada Sabtu (15/8).;Negatif;0;
265;BMKG NTT: Informasi Gempa Besar 15 Agustus Itu Hoaks;BMKG Nusa Tenggara Timur (NTT) menyatakan informasi mengenai prediksi gempa besar pada 15 Agustus 2026 pukul 09.00 WITA yang beredar di media sosial merupakan hoaks.;Negatif;0;
266;Klasemen Srikandi Merdeka Cup: Garuda Pertiwi di Puncak, Arab Saudi Jadi Juru Kunci;Garuda Pertiwi mengawali Srikandi Merdeka Cup 2026 dengan kemenangan 7-0 atas Arab Saudi dan langsung memuncaki klasemen sementara Grup A dengan tiga poin.;Positif;2;
267;70 Persen Karhutla Terjadi di Konsesi Perusahaan, Walhi: Harus Ada Evaluasi;Walhi mengungkapkan bahwa sebanyak 70 persen titik api (hotspot) Kebakaran Hutan dan Lahan (Karhutla) sepanjang periode Januari hingga Juli berada di dalam kawasan konsesi perusahaan.;Negatif;0;
268;BMKG: Gempa Susulan NTT Masih Terus Terjadi hingga 30 Hari ke Depan;BMKG memprakirakan gempa susulan di NTT akan berlangsung 30 hari ke depan. Sejauh ini tercatat 3.002 gempa susulan.;Negatif;0;
269;Cepat Tangani Kasus Karhutla Kalimantan, Kinerja Kapolri Dinilai Perkuat Pemerintah;Analis Politik dan Hukum Boni Hargens secara terbuka mengapresiasi langkah cepat yang diambil Polri dalam mengusut kasus Karhutla di wilayah Kalimantan.;Positif;2;
270;Harapan Prabowo agar 8 Bahasa Asing Ini Diajarkan ke Anak Sejak Dini;Presiden Prabowo Subianto menekankan pentingnya penguasaan bahasa asing sejak dini untuk generasi muda, guna meningkatkan pendidikan dan peluang karier.;Positif;2;
271;Bulog Jamin Stok Beras buat Korban Gempa NTT Aman, Ada 93.782 Ton;Dirut Bulog Ahmad Rizal Ramdhani memastikan ketersediaan beras di wilayah korban bencana gempa di NTT saat ini maupun ke depannya dalam kondisi aman.;Negatif;0;
272;Brantas Abipraya Gerak Cepat Salurkan Bantuan untuk Korban Gempa NTT;Di tengah situasi darurat akibat gempa bumi yang melanda sejumlah wilayah di Nusa Tenggara Timur (NTT), PT Brantas Abipraya (Persero) bergerak cepat menyalurkan bantuan bagi masyarakat terdampak.;Negatif;0;
273;Gempa M7,7 Guncang Flores NTT, BMKG Ungkap Sesar Aktif yang Patut Diwaspadai;Gempa NTT M7,7 pada 15 Agustus 2026 dipicu sesar naik busur belakang Flores. BMKG ungkap potensi gempa M7,8-7,9 dan catat 52 gempa susulan. Simak selengkapnya.;Negatif;0;
274;Pertamina Dorong Pengembangan Panas Bumi Nasional di IIGCE 2026;Pertamina dukung transisi energi nasional melalui pengembangan panas bumi. Di IIGCE 2026, Pertamina menandatangani kesepakatan strategis untuk eksplorasi baru.;Positif;2;
275;BI Kucurkan Insentif ke Perbankan Rp446,5 T hingga Awal Agustus;Bank Indonesia mencatat insentif Kebijakan Likuiditas Makroprudensial yang diperoleh perbankan mencapai Rp446,5 triliun hingga pekan pertama Agustus 2026.;Positif;2;
276;Veda Ega Pratama Finis 10 Besar di Moto3 Inggris 2026 Silverstone;Pembalap Indonesia Veda Ega Pratama berhasil finis di posisi kesembilan pada Moto3 Inggris 2026 di Sirkuit Silverstone setelah memulai balapan dari posisi ke-15.;Positif;2;
277;Pasca Gempa Bumi di NTT, Menhub Dudy Prioritaskan Keselamatan dan Kelancaran Operasional Transportasi;Gempa bumi di wilayah NTT berdampak pada sejumlah sarana dan prasarana transportasi antara lain, Pelabuhan Laurentius Say, Pelabuhan Reo, Pelabuhan Nangakeo, hingga Bandar Udara Komodo.;Negatif;0;
278;Musim Tanam Tiba, Nagan Raya Manfaatkan Dana TKD untuk Rehabilitasi Sawah;Pemerintah Nagan Raya percepat pemanfaatan Dana TKD untuk rehabilitasi lahan pertanian terdampak bencana. Fokus pada produktivitas dan ketahanan pangan.;Negatif;0;
279;Terdampak Kebakaran Bapenda, Sistem Lampu Lalin DKI Diatur Manual;Gubernur DKI Pramono Anung mengungkapkan sistem pengendalian lalu lintas Dishub terdampak kebakaran Gedung Bapenda, pengaturan kini dilakukan manual.;Negatif;0;
280;Pemerintah Perkuat Food Estate Kalteng dengan Manajemen Risiko Lintas Sektor;REPUBLIKA.CO.ID, JAKARTA, – Pemerintah memperkuat pengembangan food estate di Kalimantan Tengah (Kalteng) melalui penerapan manajemen risiko lintas sektor. Langkah ini diambil untuk meningkatkan efektivitas proyek, mendukung target swasembada pangan,...;Positif;2;
281;Hasil Ligue 1: Angers vs Lille, Calvin Verdonk Main, Les Dogues Menang;Lille sukses mengalahkan Angers 2-0 pada laga perdana Ligue 1 2026/2027. Olivier Giroud dan Tiago Santos jadi penentu kemenangan, Calvin Verdonk masuk sebagai pemain pengganti.;Positif;2;
282;Kesehatan Saluran Cerna Jadi Kunci Tumbuh Kembang Optimal Anak;Ahli kesehatan menegaskan, saluran cerna tidak hanya berperan dalam proses pencernaan dan penyerapan nutrisi, tetapi juga memiliki kaitan erat dengan perkembangan imun;Positif;2;
283;Mahasiswi UPH Raih Juara 1 Pilmapres Nasional 2026, Cetak Sejarah Bagi PTS Indonesia;Mahasiswi Fakultas Kedokteran Universitas Pelita Harapan (FK UPH), Tiffney Tyara Setyoko, meraih Juara 1 Program Sarjana Pemilihan Mahasiswa Berprestasi (Pilmapres) Tingkat Nasional 2026.;Positif;2;
284;Le Minerale Jadi Official Mineral Water, Dukung Ribuan Pelari di Surabaya Marathon 2026;Sebanyak 7.000 pelari dari berbagai daerah di Indonesia dan mancanegara memadati Kota Surabaya dalam gelaran Le Minerale Surabaya Marathon 2026.;Positif;2;
285;Galeri 24 Buka Lelang Relokasi dan Renovasi Pabrik Senilai Rp 95,15 Miliar;Galeri 24 membuka pelelangan pengadaan pekerjaan relokasi, renovasi, dan penambahan ruangan pabrik serta pengolahan terintegrasi. Nilai proyek mencapai Rp 95,15 miliar, termasuk PPN sebesar 11 persen.;Positif;2;
286;Bank Mandiri Perkuat Sinergi dengan Garuda Indonesia lewat GATF 2026;Bank Mandiri dan Garuda Indonesia gelar GATF 2026 pada 28-30 Agustus di JICC, Nikmati cashback hingga Rp7 juta dan berbagai penawaran menarik lainnya.;Positif;2;
287;Menteri Ekonomi Kreatif Dukung Padang Jadi City of Gastronomy UNESCO;Menteri Ekonomi Kreatif Teuku Riefky Harsya mendukung langkah Padang menuju City of Gastronomy UNESCO melalui penguatan ekosistem ekonomi kreatif dan pembenahan sektor gastronomi.;Positif;2;
288;TASPEN Salurkan Manfaat kepada Pejabat Negara dan Ahli Waris;Manfaat tersebut diberikan kepada Anwar Usman yang memasuki masa purnabakti dengan Terhitung Mulai Tanggal (TMT) 1 Mei 2026, dan kepada ahli waris Rachmat Gobel yang wafat pada 10 Juli 2026.;Positif;2;
289;Dorong Pariwisata Berkelanjutan, Industri Hotel Perkuat Efisiensi dan Pengelolaan Limbah;Penguatan praktik keberlanjutan pada sektor perhotelan dapat menjadi bagian dari upaya membangun ekosistem pariwisata yang lebih bertanggung jawab terhadap lingkungan.;Positif;2;
290;Renovasi 10.000 Puskesmas, Prabowo Bakal Gelontorkan Rp4 M per Unit;Presiden RI Prabowo Subianto menyampaikan rencana pemerintah untuk merenovasi 10.000 Puskesmas mulai tahun 2027 dalam pidatonya di Kompleks Parlemen.;Positif;2;
291;Mendorong Percepatan Program Peremajaan Sawit Rakyat;Program PSR yang dilaksanakan oleh BPDP telah memberikan manfaat positif bagi para petani dalam meningkatkan produktivitas perkebunan sawit rakyat.;Positif;2;
292;Golkar Salurkan 350 Ribu Benih Ikan ke Bandung Barat, Dorong Budidaya Perikanan Berkualitas;Wakil Ketua Komisi IV DPR RI Panggah Susanto dan Anggota Komisi IV DPR RI, Dadang M. Naser, menyalurkan bantuan sebanyak 350 ribu ekor benih ikan ke masyarakat.;Positif;2;
293;Bank Mandiri Perkuat Sinergi dengan Garuda Indonesia lewat GATF 2026;Bank Mandiri dan Garuda Indonesia gelar GATF 2026 pada 28-30 Agustus di JICC, Nikmati cashback hingga Rp7 juta dan berbagai penawaran menarik lainnya.;Positif;2;
294;Terpopuler: Mobil Listrik Bukan Satu-satunya Jawaban, 37 Mobil Baru di GIIAS, hingga EV Bisa Tambah Jarak Tempuh;Info Toyota menilai mobil listrik bukan satu-satunya solusi Indonesia, 37 mobil baru di GIIAS 2026, dan ada EV yang bisa menambah jarak tempuh sendiri jadi populer.;Positif;2;
295;DPRD Kota Bogor Apresiasi Pelatihan Tepung Mokaf dari IPB untuk Pemberdayaan Perempuan;Pelatihan inovatif ini sukses diselenggarakan oleh Divisi Teknik Biosistem Fakultas Teknik dan Teknologi, IPB University.;Positif;2;
296;PNM Perkuat Pemberdayaan 23,1 Juta Pengusaha Ultra Mikro Bersama Danantara;PNM terus memperkuat kinerja dan tata kelola sejak bersama Danantara, sekaligus memperluas manfaat bagi masyarakat prasejahtera, khususnya perempuan pengusaha ultra mikro.;Positif;2;
297;Jadi Juara Liga Tenis Indonesia 2026 Seri 1, Lucky Candra Kurniawan Alihkan Fokus ke Asian Games;Petenis Lucky Candra Kurniawan menjuarai Liga Tenis Indonesia 2026 Seri 1 di Jakarta. Gelar ini jadi modal penting menuju persiapan Asian Games 2026.;Positif;2;
298;Ketum PPP Mardiono: Putusan MK Soal Pilkada Langsung Tak Ada yang Berubah;REPUBLIKA.CO.ID, MATARAM, – Ketua Umum Partai Persatuan Pembangunan (PPP) Muhamad Mardiono menanggapi putusan Mahkamah Konstitusi (MK) yang menegaskan bahwa pemilihan kepala daerah (Pilkada) di Indonesia wajib tetap dilaksanakan secara...;Positif;2;
299;Telkom Perkuat Kolaborasi Hadapi Ancaman Era Komputasi Kuantum;Rapat koordinasi ini menjadi langkah awal untuk memperkuat sinergi nasional dalam menyusun kebijakan, membangun kapasitas, dan mempercepat kesiapan Indonesia menghadapi era komputasi kuantum.;Positif;2;
300;Naik 10%, Grand Slam AS Terbuka 2026 Tawarkan Hadiah Terbesar dalam Sejarah;Pertandingan Grand Slam AS Terbuka 2026 menawarkan hadiah termasuk kontribusi dana kesejahteraan.;Positif;2;
