text,label,source
Prabowo Bakal Cek Penanganan Kebakaran Hutan Sumatra Hari Ini. Peninjauan kebakaran hutan Sumatra merupakan kelanjutan dari kunjungan Prabowo setelah menyambangi Kalimantan.,0,dpr_human_verified
"Apel Kebangsaan Jaga Jakarta Digelar di Monas Hari Ini. Apel Kebangsaan Jaga Jakarta digelar di Monas, diinisiasi Polda Metro Jaya dengan menggandeng Kodam Jaya, Pemprov DKI dan sejumlah elemen masyarakat.",1,dpr_human_verified
"Perumda Pasar Jaya Gelar Bazar Prime Ramadan di Balkot, Catat Tanggalnya. Perumda Pasar Jaya Gelar Bazar Prime Ramadan di Balkot, Catat Tanggalnya",1,dpr_human_verified
Detik-detik Kebakaran Hebat Lahap Gedung Bapenda DKI. Gedung Badan Pendapatan Daerah Bapenda DKI Jakarta mengalami kebakaran pada Jumat 7 8 malam.,0,dpr_human_verified
"Daya Beli Tertekan, Industri Kecantikan Dorong Produk Terjangkau dan Berkualitas. Prof Adjunct Marniati mengatakan kondisi ekonomi yang menantang justru dapat menjadi momentum bagi produk kosmetik, khususnya lipstik.",1,dpr_human_verified
"Investasi RI Tembus Rp 1.010 T, Pengusaha Ungkap Dampaknya ke Industri Lokal. Investasi Indonesia mencapai Rp 1.010 triliun pada semester I-2026, tumbuh 7,2 . HIPMI dorong penguatan industri lokal dan akses pembiayaan untuk pengusaha.",2,dpr_human_verified
"Trump Tuding Kanada Ingin Keuntungan Sebagai Negara Bagian. Negosiasi perdagangan AS dan Kanada runtuh. Donald Trump memberlakukan tarif 50 persen, sementara PM Mark Carney bersiap membalas",0,dpr_human_verified
"Berdayakan Ibu-ibu PKK, UMMADA Cirebon Kembangkan Manisan dari Kulit Semangka. REPUBLIKA.CO.ID, KUNINGAN -",2,dpr_human_verified
"Orang Tua Siswa Sekolah Rakyat Menangis Haru di Hadapan Seskab Teddy. Siti Yuliana, seorang ibu rumah tangga asal Jakarta Utara menangis di hadapan Sekretaris Kabinet Teddy Indra Wijaya, Menteri Sosial Saifullah Yusuf Gus Ipul",1,dpr_human_verified
"TASPEN Salurkan Manfaat kepada Pejabat Negara dan Ahli Waris. Manfaat tersebut diberikan kepada Anwar Usman yang memasuki masa purnabakti dengan Terhitung Mulai Tanggal TMT 1 Mei 2026, dan kepada ahli waris Rachmat Gobel yang wafat pada 10 Juli 2026.",2,dpr_human_verified
"Mahasiswi UPH Raih Juara 1 Pilmapres Nasional 2026, Cetak Sejarah Bagi PTS Indonesia. Mahasiswi Fakultas Kedokteran Universitas Pelita Harapan FK UPH , Tiffney Tyara Setyoko, meraih Juara 1 Program Sarjana Pemilihan Mahasiswa Berprestasi Pilmapres Tingkat Nasional 2026.",2,dpr_human_verified
"Pria di Depok Ditusuk hingga Tewas Saat Tidur, Polisi Selidiki. Pria di Depok Ditusuk hingga Tewas Saat Tidur, Polisi Selidiki",0,dpr_human_verified
"KKP dan Masyarakat Bersihkan Pantai Papela dalam Peringatan HUT Ke-81 RI, Angkut 3,2 Ton Sampah. KKP bersama lebih dari 450 masyarakat Rote Ndao membersihkan Pantai Papela dan mengangkut 3,2 ton sampah dalam rangka memperingati HUT ke-81 Kemerdekaan RI.",1,dpr_human_verified
"Changhong Tunjuk Rossa sebagai Brand Ambassador Kampanye Langgeng Bersama . Kolaborasi ini menjadi langkah strategis Changhong untuk semakin mendekatkan diri dengan masyarakat melalui sosok yang inspiratif, hangat, dan dicintai lintas generasi.",2,dpr_human_verified
"Musim Tanam Tiba, Nagan Raya Manfaatkan Dana TKD untuk Rehabilitasi Sawah. Pemerintah Nagan Raya percepat pemanfaatan Dana TKD untuk rehabilitasi lahan pertanian terdampak bencana. Fokus pada produktivitas dan ketahanan pangan.",0,dpr_human_verified
"IHSG Berpotensi Tancap Gas Jelang Akhir Pekan Ini. Analis memperkirakan IHSG memiliki dua skenario pergerakan, yakni berpeluang melanjutkan penguatan dan skenario terburuk membuka risiko koreksi.",1,dpr_human_verified
"Gempa NTT, Hercules dan Kapal Perang Dikerahkan Bantu Korban di Nagekeo. TNI dikerahkan membantu korban gempa NTT. Puspen TNI",0,dpr_human_verified
"Polres Sikka dan Brimob Bangun Tenda Darurat di RSU Santo Gabriel Kewapante. Di RSU Santo Gabriel Kewapante, personel Polsek Kewapante bersama Kompi 4 Batalyon B Pelopor Maumere mendirikan sejumlah tenda darurat untuk korban gempa M 7.",0,dpr_human_verified
"Kado Kemerdekaan RI ke-81, Indonesia Resmi Ekspor 1.00 Ton Beras ke Malaysia. Indonesia mulai mengekspor 1.00 ton beras premium ke Malaysia setelah mencapai swasembada. Ekspor berpotensi meningkat hingga 200.00 ton per tahun.",2,dpr_human_verified
"Bupati Klaten Promosikan Potensi Daerah di Forum Indonesia - China. Bupati Hamenang menyebut, presentasi tersebut mendapat respons positif dari sejumlah delegasi pemerintah daerah China.",2,dpr_human_verified
Presiden Prabowo Bersama Jokowi Jadi Saksi Momen Sakral Ijab Kabul Kasespri. Presiden Prabowo Subianto dan Presiden ke-7 Joko Widodo Jokowi menjadi saksi dalam prosesi akad nikah Kepala Sekretaris Pribadi Kasespri Rizky Irmansyah dengan Chika Yenalovi.,1,dpr_human_verified
Proses alih kelola transportasi Kep Seribu masih dalam tahap kajian. Kepala Dinas Pehubungan Dishub DKI Jakarta Budi Awaluddin mengatakan proses pengalihan pengelolaan transportasi ke ..,1,dpr_human_verified
"Tak Butuh Lahan Luas, Ide Bisnis Ternak Puyuh Petelur Ini Bisa Jadi Sumber Cuan. Ide bisnis ternak puyuh petelur bisa dimulai dari skala kecil. Simak cara memilih bibit, menyiapkan kandang, memberi pakan, hingga menjual telur. Baca di sini",1,dpr_human_verified
Istana Respons Isu Prabowo Tunjuk Haji Isam Koordinator Atasi Karhutla. Istana menanggapi isu viral Haji Isam ditunjuk Prabowo sebagai koordinator penanganan karhutla.,1,dpr_human_verified
Arab Saudi Blokir DP Haji RI hingga Rp66 Miliar. Pemerintah Indonesia kirim nota diplomatik usai pemblokiran 14 juta riyal oleh Arab Saudi terkait dugaan pelanggaran asuransi haji 2026.,0,dpr_human_verified
"Gubernur NTT Wilayah Utara Flores Paling Terdampak Gempa M 7,7. Gubernur NTT, Melki Laka Lena mengatakan wilayah utara Pulau Flores paling banyak terdampak oleh gempa magnitudo 7,7 yang berpusat di Kota Mbay, Kabupaten Nagekeo.",0,dpr_human_verified
Mendorong Percepatan Program Peremajaan Sawit Rakyat. Program PSR yang dilaksanakan oleh BPDP telah memberikan manfaat positif bagi para petani dalam meningkatkan produktivitas perkebunan sawit rakyat.,2,dpr_human_verified
"KPK Sebut Aturan Kuota Tambahan 50 50 Murni Inisiatif Yaqut, Bukan Permintaan Arab Saudi. KPK memastikan Pemerintah Arab Saudi tidak pernah mencampuri urusan distribusi tambahan 20.00 kuota haji milik Indonesia.",1,dpr_human_verified
"Brantas Abipraya Gerak Cepat Salurkan Bantuan untuk Korban Gempa NTT. Di tengah situasi darurat akibat gempa bumi yang melanda sejumlah wilayah di Nusa Tenggara Timur NTT , PT Brantas Abipraya Persero bergerak cepat menyalurkan bantuan bagi masyarakat terdampak.",0,dpr_human_verified
"DPRD Bandung Targetkan Perda BPR Syariah Rampung, Transformasi Perseroda Diharap Dongkrak PAD. DPRD Kota Bandung bersama Pemerintah Kota Bandung tengah mempercepat pembahasan Rancangan Peraturan Daerah Raperda tentang perubahan bentuk badan hukum BPR Syariah",1,dpr_human_verified
"PSSI Akhirnya Buka Suara Usai Timnas Indonesia Jadi Pesakitan di Piala AFF 2026. PSSI buka suara setelah Timnas Indonesia gagal melangkah ke semifinal Piala AFF 2026. Hasil imbang 1-1 melawan Singapura di Stadion Jalan Besar, Kallang, Jumat 7 Agustus",0,dpr_human_verified
"Tembok Pembatas SD di Sleman Roboh Timpa Peserta Jalan Sehat, 10 Luka. Sepuluh peserta jalan sehat di Sleman, DIY mengalami luka-luka hingga dilarikan ke rumah sakit usai tertimpa tembok pembatas milik SDN Minomartani 2, Ngaglik.",0,dpr_human_verified
"Pertamina Dorong Pengembangan Panas Bumi Nasional di IIGCE 2026. Pertamina dukung transisi energi nasional melalui pengembangan panas bumi. Di IIGCE 2026, Pertamina menandatangani kesepakatan strategis untuk eksplorasi baru.",2,dpr_human_verified
"Target Pertumbuhan Ekonomi 6 , Bamsoet Berikan Masukan. Bambang Soesatyo menilai target pertumbuhan ekonomi 6 dalam RAPBN 2027 ambisius. Ia menekankan pentingnya peran sektor swasta dan investasi untuk mencapainya.",2,dpr_human_verified
"Bea-Cukai Banten Musnahkan 41,2 Juta Rokok Ilegal dan 1.739 Liter MMEA. Barang ilegal yang dimusnahkan merupakan akumulasi hasil penindakan Bea Cukai Banten bersama Bea Cukai Merak dan Bea Cukai Tangerang.",0,dpr_human_verified
"Operasi Masif PETI di Kuansing, Polda Riau Musnahkan 940 Rakit dalam 6 Bulan. Operasi Masif PETI di Kuansing, Polda Riau Musnahkan 940 Rakit dalam 6 Bulan",1,dpr_human_verified
Masih Ada Warga Terjebak di Reruntuhan Bangunan Akibat Gempa M 7 NTT. BNPB mengungkap masih ada korban yang terjebak di reruntuhan bangunan akibat gempa bumi M 7 di NTT. Tim gabungan berupaya melakukan pencarian dan pertolongan.,0,dpr_human_verified
"KAI Siapkan Jalur Kereta Baru di 3 Wilayah usai Dititah Prabowo. KAI siapkan pengembangan jalur kereta baru di Sumatra, Kalimantan, dan Bali mengikuti arahan Presiden Prabowo untuk mendukung logistik dan transportasi.",2,dpr_human_verified
"Budi Arie Kalau Berantas Korupsi, Harus Disapu dari Pusat Kekuasaan. Ketua Umum Projo, Budi Arie Setiadi, dukung Prabowo dalam pemberantasan korupsi di pusat kekuasaan.",0,dpr_human_verified
"Bulog Jamin Stok Beras buat Korban Gempa NTT Aman, Ada 93.782 Ton. Dirut Bulog Ahmad Rizal Ramdhani memastikan ketersediaan beras di wilayah korban bencana gempa di NTT saat ini maupun ke depannya dalam kondisi aman.",0,dpr_human_verified
"Kemenpar Siapkan Lahan Poltekpar NHI Bandung untuk Percepat Pembangunan Sekolah Rakyat. REPUBLIKA.CO.ID, BANDUNG, Kementerian Pariwisata Kemenpar memberikan dukungan penuh terhadap percepatan pembangunan Sekolah Rakyat dengan menyediakan sebagian lahan Kampus Politeknik Pariwisata Poltekpar NHI Bandung di Dayeuhkolot, Kabupaten Bandung, Jawa..",2,dpr_human_verified
"Golkar Salurkan 350 Ribu Benih Ikan ke Bandung Barat, Dorong Budidaya Perikanan Berkualitas. Wakil Ketua Komisi IV DPR RI Panggah Susanto dan Anggota Komisi IV DPR RI, Dadang M. Naser, menyalurkan bantuan sebanyak 350 ribu ekor benih ikan ke masyarakat.",2,dpr_human_verified
PT Pertamina Patra Niaga RU Cilacap Buka Tender Penggantian Column Assy 11C-1. PT Pertamina Patra Niaga Refinery Unit RU IV Cilacap secara resmi mengumumkan pelaksanaan tender terbuka untuk pekerjaan bertajuk PENGGANTIAN COLUMN ASSY 11C-1 AREA FOC I PT. PERTAMINA PATRA NIAGA DI RU IV CILACAP .,1,dpr_human_verified
"Baznas dan KHCF Yordania Perkuat Kerja Sama Kesehatan untuk Palestina. Baznas RI salurkan bantuan Rp1,7 miliar dan siapkan beasiswa kesehatan bagi warga Palestina melalui kerja sama dengan KHCF Yordania.",2,dpr_human_verified
"DPRD Kota Bogor Kawal Pembangunan Trase Baru Batutulis, Target Selesai Oktober 2026. DPRD Kota Bogor mengawal pembangunan trase baru Batutulis yang ditargetkan rampung pada Oktober 2026 untuk memulihkan konektivitas dan meningkatkan keselamatan pengguna jalan.",2,dpr_human_verified
"KPK Geledah 15 Lokasi di Empat Kota, Usut Kasus Pemerasan Bupati Pemalang. Penyidik KPK menyasar 10 rumah di Pemalang, dua rumah di Tegal, dua rumah di Pekalongan, dan satu rumah di Semarang",1,dpr_human_verified
"Kolaborasi Pegadaian-BRI, Cicil Emas Makin Mudah lewat BRImo. Masyarakat kini dapat memulai investasi emas langsung melalui BRImo sekaligus memanfaatkan promo yang tersedia selama periode program.",2,dpr_human_verified
"Harapan Prabowo agar 8 Bahasa Asing Ini Diajarkan ke Anak Sejak Dini. Presiden Prabowo Subianto menekankan pentingnya penguasaan bahasa asing sejak dini untuk generasi muda, guna meningkatkan pendidikan dan peluang karier.",2,dpr_human_verified
"Pramono Putuskan Bongkar JPO Love-Hate Relationship Rasuna Said. Gubernur DKI Jakarta Pramono Anung memutuskan untuk membongkar JPO Love-Hate Relationship di kawasan Jalan HR Rasuna Said, Kuningan, Jakarta Selatan Jaksel .",1,dpr_human_verified
"Pernyataan Berkelas Ole Romeny Usai Siksa Juara Liga Belanda PSV Eindhoven. Striker Timnas Indonesia, Ole Romeny, langsung menunjukkan ketajamannya pada pertandingan perdana bersama Fortuna Sittard di Eredivisie 2026 2027. Romeny mencetak satu g",2,dpr_human_verified
"Pemerintah Kebut Pemulihan Infrastruktur dan Pangan di Solok Raya. Pemerintah percepat pemulihan pascabencana di Solok dengan fokus pada infrastruktur, hunian, dan pertanian, anggaran segera direalisasikan.",2,dpr_human_verified
"Bikin Geger! Pejabat Eselon II Banda Aceh Diamankan Gegara Dugaan Hubungan Sesama Jenis, Kini Diperiksa Intensif. Seorang pejabat eselon II Pada pemerintah Kota Banda Aceh, telah diamankan Satuan Polisi Pamong Praja dan Wilayatul Hisbah Satpol PP-WH Kota Banda Aceh.",0,dpr_human_verified
Menteri PPA Buka Suara soal Temuan Ratusan Senjata di Sekolah Jaksel. Menteri PPA Arifah Fauzi prihatin atas temuan ratusan senjata dan narkoba di sekolah swasta Jakarta. Ia mendorong lingkungan belajar yang aman bagi anak.,1,dpr_human_verified
Terapi Hormon Estrogen Bantu Turunkan Risiko Demensia pada Perempuan. Studi terhadap 21.00 perempuan mengungkap penggunaan terapi hormon estrogen dapat menurunkan risiko demensia dan gejala Alzheimer hingga 39 . Simak temuannya.,2,dpr_human_verified
"BMKG Ungkap Gempa di NTT Disebabkan Sesar Naik Busur Belakang Flores. BMKG menyebut bahwa gempa bermagnitudo 7,7 yang mengguncang wilayah Nusa Tenggara Timur NTT pada Sabtu subuh diakibatkan oleh sesar naik busur belakang Flores.",0,dpr_human_verified
"Tito Ungkap Pendapatan Pemda Turun Jadi Rp608 T, TKD Jadi Fokus. Mendagri Tito Karnavian mengatakan realisasi pendapatan pemerintah daerah mencapai Rp606,8 triliun atau 51,05 persen hingga 31 Juli 2026.",2,dpr_human_verified
"Polda Kaltim Tetapkan 3 Tersangka Karhutla di Kutai Kartanegara dan Berau. Saat di lokasi, lanjutnya, Tim gabungan menemukan tersangka N dan JP yang mengaku membuka atau merintis lahan dengan cara membakar.",0,dpr_human_verified
"Pemerintah Perkuat Food Estate Kalteng dengan Manajemen Risiko Lintas Sektor. REPUBLIKA.CO.ID, JAKARTA, Pemerintah memperkuat pengembangan food estate di Kalimantan Tengah Kalteng melalui penerapan manajemen risiko lintas sektor. Langkah ini diambil untuk meningkatkan efektivitas proyek, mendukung target swasembada pangan,..",2,dpr_human_verified
Komisi V DPR Harus ada integrasi kelembagaan tangani bencana. Komisi V DPR Harus ada integrasi kelembagaan tangani bencana,0,dpr_human_verified
"Hari Ini ke Transmart Full Day Sale Yuk, Intip Barang Diskon 50 20 . Selama gelaran Transmart Full Day Sale berlangsung, berlaku diskon belanja hingga 50 20 untuk pembelian aneka produk. Simak daftarnya.",1,dpr_human_verified
"Menteri PU Sebut Sungai Barito Masih Bisa Dilalui Kapal. Menteri Pekerjaan Umum PU Dody Hanggodo menegaskan, Sungai Barito tidak mengalami kekeringan secara keseluruhan.",1,dpr_human_verified
"Babak Baru Kasus Sutrimo Ekshumasi Jenazah hingga Sosok Febrio Adiono. Kematian Sutrimo yang disebut-sebut sebagai Kepala Rumah Tangga Karumga Febrie Adriansyah, kini memasuki babak baru.",1,dpr_human_verified
"Komisi Fatwa MUI Pria Berbusana Wanita Saat Acara 17 Agustus Haram. Wakil Sekretaris Komisi Fatwa MUI Abdul Muiz Ali mengatakan ketentuan tersebut berlaku dalam perspektif syariat Islam. Menurut dia, penggunaan busana lawan jenis juga ber",1,dpr_human_verified
"Video Solusi JK Atasi Banjir Jakarta, Sarankan Hunian Bertingkat. Video Solusi JK Atasi Banjir Jakarta, Sarankan Hunian Bertingkat",1,dpr_human_verified
"Pemerintah Klaim Telah Guyur Beras 1,6 Juta Ton untuk Tekan Harga. Badan Pangan Nasional mengatakan sampai 21 Agustus 2026, pemerintah telah menggelontorkan Cadangan Beras Pemerintah CBP 1,65 juta ton",1,dpr_human_verified
"Zulhas Akui Ada Program Pemerintah Belum Optimal, Minta Doa Ulama. Suasana doa keselamatan bangsa, zikir kebangsaan, dan haul pendiri NKRI yang diinisiasi Pengurus Besar Jamiyah Ahlith Thariqah Al Mutabaroh Ahlussunnah Wal Jamaah PB Jatma Aswaja di Masjid Istiqlal, Jakarta, Minggu 9 8 2026 . ANTARA",1,dpr_human_verified
"Harga Emas Hari Ini Naik Rp 10.00 Gram. Harga emas Antam naik Rp 10.00 per gram menjadi Rp 2.750.00. Cek rincian harga emas dari 0,5 gram hingga 1.00 gram per 24 Agustus 2026.",1,dpr_human_verified
"Kebakaran Besar di Pasar Jagong Jeget Aceh Hanguskan 96 Unit Kios. Sedikitnya 96 unit kios atau ruko berkonstruksi kayu ludes dilalap api imbas kebakaran hebat yang melanda kawasan Pasar Jagong Jeget, Aceh Tengah.",0,dpr_human_verified
"Momen Detik-detik Pesawat Terbesar di Dunia Mendarat di Soekarno Hatta. Pesawat Airbus A380-800 milik Emirates mendarat di Bandar Udara Internasional Soekarno-Hatta, Tangerang Banten Sabtu malam 8 Agustus 2026. Intip seperti apa penampakannya",1,dpr_human_verified
"FOTO Aksi Robocop China Terjun Langsung Atur Lalu Lintas. China mulai mengerahkan robocop untuk mengatur arus lalu lintas di Kota Hangzhou. Dengan kamera dan radar, robot ini bisa mendeteksi pelanggaran lalu lintas.",0,dpr_human_verified
Pegadaian Hadirkan Solusi Cicil Tabungan Emas. Pegadaian memberikan fasilitas pembiayaan kepemilikan saldo emas melalui skema angsuran yang terjangkau,2,dpr_human_verified
"Harga Emas Dunia Stabil di US 4.339, Emas Antam Bertahan Rp2,69 Juta per Gram. Harga emas dunia stabil di US 4.339,59 per ons troi, sementara itu harga emas Antam bertahan Rp2,69 juta per gram pada hari ini Senin, 10 Agustus 2026.",2,dpr_human_verified
"BNI Buka Presale Eksklusif Tiket Andrea Bocelli Romanza di Indonesia. BNI membuka presale tiket konser Andrea Bocelli dengan diskon hingga 20 untuk nasabah, konser di Indonesia merayakan 30 tahun album Romanza.",1,dpr_human_verified
"Kebakaran Mal di Makassar, Pengunjung-Karyawan Alami Sesak Napas. Kebakaran melanda mal di Makassar, Sulawesi Selatan, akibat dugaan korsleting listrik. 30 armada Damkar dikerahkan, tidak ada korban jiwa.",0,dpr_human_verified
"Jadi Juara Liga Tenis Indonesia 2026 Seri 1, Lucky Candra Kurniawan Alihkan Fokus ke Asian Games. Petenis Lucky Candra Kurniawan menjuarai Liga Tenis Indonesia 2026 Seri 1 di Jakarta. Gelar ini jadi modal penting menuju persiapan Asian Games 2026.",2,dpr_human_verified
Ini Daftar Pemeran Film Oki Nirmala dan Jadwal Tayang. Film Oki,1,dpr_human_verified
"Harga Emas Antam Hari Ini Tak Berubah di Rp2,69 Juta per Gram. Harga emas Antam ANTM pada hari ini, Senin 10 8 2026 stagnan di Rp2.690.00 per gram.",1,dpr_human_verified
"Tiga Korban Gempa NTT di Sikka Ditemukan, Satu Meninggal. Kantor SAR Maumere mencatat tiga korban, yakni satu meninggal dunia dan dua lainnya mengalami luka-luka Istimewa",0,dpr_human_verified
"FOTO Semarak Apel Kebangsaan Jaga Jakarta untuk Indonesia. Apel Kebangsaan Jaga Jakarta untuk Indonesia digelar di Lapangan Monumen Nasional Monas , Jakarta Pusat, Sabtu 8 8 pagi.",1,dpr_human_verified
"Turnamen Padel Nasional Digelar, Wihaji Dorong Kegiatan Organisasi Lebih Adaptif. Wihaji menilai kegiatan olahraga seperti turnamen padel dapat menjadi salah satu bentuk transformasi agar organisasi tetap dekat dengan masyarakat.",1,dpr_human_verified
Komika Pandji Pragiwaksono Dipolisikan Buntut Gaduh Mens Rea . Komika Pandji Pragiwaksono Dipolisikan Buntut Gaduh Mens Rea,1,dpr_human_verified
"Piala Emirates Arsenal vs Borussia Dortmund, The Gunners Takluk 2-3. Arsenal harus mengakui keunggulan Borussia Dortmund dengan skor 2-3 dalam laga Piala Emirates. Meski kalah di waktu normal, The Gunners menang adu penalti.",2,dpr_human_verified
"Kasus Dugaan Kekerasan Seksual DJ Wanita di Jaksel, Polisi Segera Tentukan Nasib Terduga Pelaku yang Ngaku Punya Jabatan. Polisi segera menentukan status hukum TI, terlapor dalam kasus dugaan kekerasan seksual terhadap seorang perempuan yang berprofesi sebagai disc jockey DJ .",0,dpr_human_verified
"Hasil Serie A Torino vs AC Milan, Adrian Rabiot Gemilang, Rossoneri Menang Tipis. AC Milan sukses menaklukkan Torino 2-1 dalam lanjutan Serie A. Adrien Rabiot tampil gemilang dengan satu gol dan satu assist setelah masuk sebagai pengganti.",2,dpr_human_verified
BRI Life Terbukti Perkuat Kinerja dan Profesionalisme Tenaga Penjualan. Asuransi BRI Life kembali menorehkan prestasi di industri asuransi jiwa dengan meraih enam penghargaan dalam ajang Top Agent Distribution Excellence Awards TADEA 2026.,2,dpr_human_verified
Kabar Terbaru dari Polisi soal Penahanan Richard Lee. Kabar Terbaru dari Polisi soal Penahanan Richard Lee,0,dpr_human_verified
Plan Indonesia respons kebutuhan korban anak terdampak gempa NTT. Direktur Eksekutif Plan Indonesia,2,dpr_human_verified
"Kilang Minyak Aramco Diserang Drone Houthi, Iran Ajukan Syarat Buka Selat Hormuz. Kilang minyak Saudi Aramco di Jazan terbakar akibat serangan drone Houthi. Sementara itu, Iran ajukan syarat berat kepada AS untuk pembukaan Selat Hormuz.",0,dpr_human_verified
"BI Kucurkan Insentif ke Perbankan Rp446,5 T hingga Awal Agustus. Bank Indonesia mencatat insentif Kebijakan Likuiditas Makroprudensial yang diperoleh perbankan mencapai Rp446,5 triliun hingga pekan pertama Agustus 2026.",2,dpr_human_verified
"MyPertamina Pasar Rakyat Rayakan HUT RI ke-81, Ada Tebus Murah Sembako hingga Bazaar UMKM. Selama dua hari penyelenggaraan, pengunjung akan disuguhkan berbagai aktivitas seru, mulai dari zumba dan pilates, lomba bertema Kemerdekaan hingga bazaar UMKM.",1,dpr_human_verified
"Telkom Perkuat Kolaborasi Hadapi Ancaman Era Komputasi Kuantum. Rapat koordinasi ini menjadi langkah awal untuk memperkuat sinergi nasional dalam menyusun kebijakan, membangun kapasitas, dan mempercepat kesiapan Indonesia menghadapi era komputasi kuantum.",2,dpr_human_verified
Media Stok rudal pencegat AS tersedia lagi di April 2027. Dokumen Pentagon menyebutkan,1,dpr_human_verified
"Jadi Juara Liga Tenis Indonesia 2026 Seri 1, Lucky Candra Kurniawan Alihkan Fokus ke Asian Games. Petenis Lucky Candra Kurniawan menjuarai Liga Tenis Indonesia 2026 Seri 1 di Jakarta. Gelar ini jadi modal penting menuju persiapan Asian Games 2026.",2,dpr_human_verified
"Di Balik Sesar Naik Flores Selalu Ada Ancaman Gempa dan Bangkitkan Tsunami. Tim penyelamat mencari korban di reruntuhan setelah gempa berkekuatan magnitudo 7,7 mengguncang Pulau Flores di Pelabuhan Laurensius Say di Maumere, Sikka, Nusa Tenggara Timur, Sabtu, 15 Agustus 2026. AFP Arnold Welianto",0,dpr_human_verified
"Komitmen dan Strategi Citilink Dukung Produk Lokal Go Global via Inflight Shop. Maskapai penerbangan Citilink menegaskan komitmen dan dukungannya pada pengembangan produk-produk lokal asli Tanah Air, agar bisa berdaya saing hingga ke level go global.",2,dpr_human_verified
"KPK Geledah 15 Lokasi di Kasus Bupati Pemalang, Ini Hasilnya. Bupati Pemalang Anom Widiyantoro berjalan menuju mobil tahanan usai menjalani pemeriksaan di Gedung Merah Putih KPK, Jakarta, Kamis 30 7 2026 . KLY Arie Basuki",1,dpr_human_verified
"Kebakaran landa warteg dan bengkel di Tambora Jakbar. Kebakaran melanda warteg dan bengkel di Jalan Prof. Dr. Latumenten, RT 08 RW 09 Angke, Tambora, Jakarta Barat, pada ..",0,dpr_human_verified
"Sebelum Gempa M 7,7, NTT Pernah Diguncang Gempa Dahsyat pada 1992. Gempa bumi tektonik berkekuatan magnitudo 7,0 mengguncang wilayah Nusa Tenggara Timur NTT pada Sabtu 15 Agustus terasa hingga Pulau Lombok di Nusa Tenggara Barat NTB",0,dpr_human_verified
"Gempa M 7 di Nagekeo NTT Terasa hingga NTB, Picu Peringatan Dini Tsunami. Gempa bumi berkekuatan magnitudo 7 yang mengguncang wilayah Nusa Tenggara Timur NTT pada Sabtu 15 Agustus terasa hingga Pulau Lombok di Nusa Tenggara Barat NTB",0,dpr_human_verified
"Tsunami Juga Terdeteksi di Baubau dan Bulukumba Usai Gempa M 7 NTT. Gelombang tsunami terdeteksi di Baubau dan Bulukumba setelah gempa M 7 di NTT. Ketinggian gelombang mencapai 0,3 meter.",0,dpr_human_verified
"Terdampak Kebakaran Bapenda, Sistem Lampu Lalin DKI Diatur Manual. Gubernur DKI Pramono Anung mengungkapkan sistem pengendalian lalu lintas Dishub terdampak kebakaran Gedung Bapenda, pengaturan kini dilakukan manual.",0,dpr_human_verified
"Hadiri Hari Bhayangkara, Ketua DPRD Kota Bogor Apresiasi Kinerja Polri. Adityawarman menegaskan peringatan Hari Bhayangkara ke-80 bukan sekadar seremoni, tetapi menjadi momentum untuk memperkuat sinergi antara pemerintah daerah, DPRD, aparat keamanan, dan masyarakat.",2,dpr_human_verified
"Wakapolri Jangan Cuma Jadi Penonton, Jadilah Talenta Digital. Wakapolri Komjen Pol Dedi Prasetyo mengatakan Polri ingin hadir di ruang yang dekat dengan kehidupan generasi muda.",1,dpr_human_verified
"Prabowo Tiba di JCC Senayan, Bakal Jadi Saksi Nikah Kasespri. Presiden Prabowo Subianto tiba di Jakarta Convention Center JCC , Senayan, Jakarta, Minggu 23 8 2026 pagi. Kehadirannya dalam rangka menghadiri prosesi akad nikah Kasesprinya, Rizky Irmansyah.",1,dpr_human_verified
"Deret Saham Ciamik yang Bisa Dilirik Pekan Ini. IHSG masih berpeluang menguat dalam sepekan ke depan. Investor dapat mencermati beberapa saham berpeluang cuan, mulai dari perbankan hingga telco.",1,dpr_human_verified
"6 Desain Rumah dengan Biaya Rp 30 Juta yang Sederhana, Hemat, dan Tetap Layak Huni di Desa. Desain rumah dengan biaya Rp 30 juta memang menantang. Simak 6 model rumah sederhana di desa lengkap spesifikasi, material, dan rincian biayanya.",1,dpr_human_verified
Menkum Supratman Putusan MK soal Penghinaan Presiden Itu Pertegas KUHP. Menteri Hukum Menkum Supratman Andi Agtas angkat bicara soal putusan MK mengenai delik penghinaan presiden dan wakil presiden wapres tidak bisa dituntut orang lain.,1,dpr_human_verified
"Padang Panjang Raih IKD Dukcapil Prima Award 2026, Perkuat Transformasi Layanan Digital. Melalui Dinas Kependudukan dan Pencatatan Sipil Disdukcapil , Padang Panjang berhasil meraih IKD Dukcapil Prima Award 2026 dari Kementerian Dalam Negeri Republik Indonesia.",2,dpr_human_verified
"Indonesia Raih Medali Perak dan Perunggu di Kejuaraan Asia Hoki Bawah Air CMAS 2026. Tim Indonesia sukses mengamankan medali perak dan perunggu pada Kejuaraan Asia Hoki Bawah Air CMAS 2026 yang digelar di Puncak, Bogor.",2,dpr_human_verified
"Sukses Dukung Program 3 Juta Rumah, Pemkot Bandar Lampung Raih Penghargaan. Program 3 Juta Rumah menjadi salah satu langkah strategis dalam mendorong terpenuhinya kebutuhan tempat tinggal sekaligus meningkatkan kesejahteraan masyarakat.",2,dpr_human_verified
"Ajakan Hubungan Intim di Balik Kasus Mutilasi Depok. Tersangka kasus mutilasi di Depok, Saepullah alias SA Liputan6.com Ady Anugrahadi",0,dpr_human_verified
"Yili Group Mendorong Inovasi dan Kolaborasi untuk Ekosistem Susu Global yang Berkelanjutan pada World Dairy Congress 2026. Yili Group Hohhot, China ANTARA Xinhua-AsiaNet ndash",2,dpr_human_verified
"Menkeu Kurang dari 24 Jam, Bea-Cukai Gagalkan Dua Penyelundupan Emas Senilai Rp 63 Miliar. Menteri Keuangan Purbaya Yudhi Sadewa meminta Bea dan Cukai terus meningkatkan kapabilitas dan beradaptasi terhadap perkembangan modus penyelundupan.",1,dpr_human_verified
"Ikatan dan Makin Rapuh, AS Uji Loyalitas bagi Anggota NATO. AS mengaitkan pemberian dukungan militer bagi anggota NATO dengan sejauh mana mereka sejalan dengan kebijakan luar negeri Presiden Donald Trump,. Itu dilaporkan Bloomberg.",2,dpr_human_verified
"Kong Hyo Jin Ungkap Alasan Bintangi A Bona Fide Killer, Perankan Ibu Sekaligus Pembunuh. Dalam drama terbaru A Bona Fide Killer, aktris papan atas Korea Selatan Kong Hyo Jin menjelma menjadi seorang ibu sekaligus pembunuh bayaran legendaris.",0,dpr_human_verified
"Kisah Penyintas Terorisme yang Bangkit usai Berdamai dengan Masa Lalu. Puluhan tahun setelah tragedi bom meneror ruang publik, luka para penyintas tidak serta-merta berakhir.",0,dpr_human_verified
"Dituding Jadi Wanita Berbaju Putih Challenge Miras, Nadhea Klarifikasi. Nadhea Devi membantah tudingan sebagai wanita berbaju putih dalam kasus miras di festival musik. Dia bantah keterlibatan dan minta netizen tidak gegabah.",0,dpr_human_verified
"Kapolri Ungkap Ancaman Serius yang Mengintai Anak Muda di Dunia Maya. Kapolri Jenderal Listyo Sigit Prabowo saat penutupan E-Sport Kapolri Cup 2026 di Indonesia Arena, Kecamatan Tanah Abang, Jakarta Pusat, Minggu 9 8 2026 . Liputan6 Rifqy Alief",0,dpr_human_verified
"Punya Waktu Terbatas? Ini Strategi Main Game Minecraft Java Edition agar Satu Jam Tetap Menghasilkan Banyak Progres. Punya waktu main Minecraft Java Edition hanya satu jam? Ikuti strategi ini agar eksplorasi, mining, crafting, hingga membangun base tetap menghasilkan progres maksimal.",2,dpr_human_verified
"Bos Gendut Gembong Narkoba Kampung Bahari Ditangkap Saat Sedot Lemak. Gembong narkoba Kampung Bahari, MR atau Bos Gendut, ditangkap saat sedot lemak di salon. Ia terlibat kasus narkoba dan pencucian uang.",0,dpr_human_verified
Bambang Pacul Pesan LCC 4 Pilar MPR Jadi Wadah Perkuat Nilai Kebangsaan. Lomba Cerdas Cermat Empat Pilar MPR RI 2026 tingkat nasional diikuti 38 tim. Acara ini memperkuat pemahaman kebangsaan dan persatuan di kalangan generasi muda.,1,dpr_human_verified
"Legislator PKB Apresiasi Capaian Pemerintah, Terus Kawal Swasembada Pangan. Komisi IV DPR RI dikatakan akan terus mengawal swasembada pangan yang menjadi target pemerintah terhadap sejumlah sektor.",2,dpr_human_verified
"JPO Love-Hate Relationship di Rasuna Said Dibongkar. Warga melintasi tangga JPO di Jalan HR Rasuna Said, Jakarta Liputan6.com Helmi Fithriansyah",1,dpr_human_verified
"Cepat Tangani Kasus Karhutla Kalimantan, Kinerja Kapolri Dinilai Perkuat Pemerintah. Analis Politik dan Hukum Boni Hargens secara terbuka mengapresiasi langkah cepat yang diambil Polri dalam mengusut kasus Karhutla di wilayah Kalimantan.",2,dpr_human_verified
Fahri Hamzah Bicara Masa Depan Indonesia Butuh Sosok Pemimpin seperti Philosopher King. Wakil Ketua Umum Partai Gelora Indonesia Fahri Hamzah mengingatkan bahwa kunci keberhasilan negara melintasi disrupsi zaman di era digital ini berada pada perpaduan utuh antara kekuasaan power dan kapasitas intelektual ilmu .,2,dpr_human_verified
"Waspada Hujan Lebat Sabtu Ini, Simak Daftar Wilayahnya. BMKG mengeluarkan peringatan hujan lebat untuk Sabtu ini. Wilayah berpotensi hujan termasuk Sumatra Utara dan Kalimantan. Waspada angin kencang!",0,dpr_human_verified
"Festival kuliner kayu batu, ajang promosi potensi kampung. ANTARA - Masyarakat Kampung Kayu Batu, Kota Jayapura,Papua menggelar Festival Kuliner Merah Putih sebagai bagian dari ..",1,dpr_human_verified
"Dokter Tifa Kaget Ban Mobilnya Robek Panjang, Netizen Bicara Teror dan Pengecut. Tifauzia Tyassuma Dokter Tifa kaget ban mobilnya mendadak kempes. Peristiwa itu dialaminya usai rapat di kawasan Jakarta Selatan.",0,dpr_human_verified
Menteri UMKM Targetkan Diskon 50 Biaya Layanan Berlaku Pekan Depan. Menteri UMKM Maman Abdurrahman menargetkan penerapan diskon 50 biaya layanan bagi penjual seller UMKM di platform e-commerce berlaku pekan depan.,1,dpr_human_verified
"Golkar Salurkan 350 Ribu Benih Ikan ke Bandung Barat, Dorong Budidaya Perikanan Berkualitas. Wakil Ketua Komisi IV DPR RI Panggah Susanto dan Anggota Komisi IV DPR RI, Dadang M. Naser, menyalurkan bantuan sebanyak 350 ribu ekor benih ikan ke masyarakat.",2,dpr_human_verified
Peringatan Keras ke Pelaku Pungli Road Barrier Kota Tua. Peringatan Keras ke Pelaku Pungli Road Barrier Kota Tua,0,dpr_human_verified
Jalan Tegar Beriman-Bomang Ditargetkan Tersambung melalui Flyover pada 2027. Pemkab Bogor menargetkan pembangunan Flyover Bomang pada 2027 untuk menghubungkan Jalan Tegar Beriman dengan jalur Bojonggede-Kemang sekaligus memperkuat akses masyarakat menuju pusat pemerintahan di Cibinong.,2,dpr_human_verified
Bos BGN Akui Siswa di Berastagi Trauma Makan MBG usai Kasus Keracunan. Kepala BGN Sudaryono mengakui trauma siswa SMAN 1 Berastagi akibat keracunan. Ia berjanji perbaikan tata kelola MBG untuk mencegah kejadian serupa.,1,dpr_human_verified
"BSI Tuntaskan Transformasi Teknologi, Nasabah Capai Rekor Tertinggi. BSI mencatatkan rekor jumlah nasabah 24,3 juta di 2026 transformasi teknologi mendukung pertumbuhan bisnis dan layanan digital yang lebih baik.",2,dpr_human_verified
"Sepekan Gempa NTT, PU Perbaiki 34 Titik Longsor dan 9 Jembatan. Kementerian Pekerjaan Umum PU terus menangani kerusakan infrastruktur akibat gempa bumi yang mengguncang NTT pada Sabtu 15 8 .",0,dpr_human_verified
"Pasca Gempa Bumi di NTT, Menhub Dudy Prioritaskan Keselamatan dan Kelancaran Operasional Transportasi. Gempa bumi di wilayah NTT berdampak pada sejumlah sarana dan prasarana transportasi antara lain, Pelabuhan Laurentius Say, Pelabuhan Reo, Pelabuhan Nangakeo, hingga Bandar Udara Komodo.",0,dpr_human_verified
"Prabowo Tak Singgung IKN saat Pidato RAPBN 2027, Basuki Buka Suara. Kepala Otorita Ibu Kota Negara OIKN Basuki Hadimuljono buka suara mengenai pembangunan IKN yang secara khusus tidak disebut Presiden Prabowo Subianto ketika menyampaikan Rancangan Anggaran Pendapatan dan Belanja Negara RAPBN 2027. Prabowo hanya fokus pada 8 sektor Program Kerja Prioritas Nasiona",2,dpr_human_verified
"E-Sports Kapolri Cup 2026 Tembus 35.936 Peserta, 3 Rekor MURI Dipecahkan Sekaligus. E-Sports Kapolri Cup 2026 sukses digelar diikuti 35.936 peserta dari 34 Polda dan 403 Polres. Ajang ini juga berhasil mencetak 3 rekor MURI sekaligus.",2,dpr_human_verified
Video 107 Warga Tanjungsari Bogor Diduga Keracunan Mie Ayam MBG. Video 107 Warga Tanjungsari Bogor Diduga Keracunan Mie Ayam MBG,1,dpr_human_verified
"Pernyataan Berkelas Ole Romeny Usai Siksa Juara Liga Belanda PSV Eindhoven. Striker Timnas Indonesia, Ole Romeny, langsung menunjukkan ketajamannya pada pertandingan perdana bersama Fortuna Sittard di Eredivisie 2026 2027. Romeny mencetak satu g",2,dpr_human_verified
"Kalimantan Dilanda Karhutla, BNPB Layanan Penerbangan Tetap Berjalan Aman. BNPB turut memantau dampak asap kebakaran hutan dan lahan Karhutla di Kalimantan terhadap sektor transportasi udara. Kepekatan asap sempat menyebabkan penurunan jarak pandang di wilayah Banjarbaru, Palangka Raya, dan Pontianak.",1,dpr_human_verified
Penyebab Kebakaran Maut di Tebet karena Gangguan Listrik. Kebakaran di kosan dan fotocopy di Tebet menewaskan 4 orang dan 1 terluka. Penyebab diduga gangguan listrik. 86 personel dikerahkan untuk pemadaman.,0,dpr_human_verified
"Changhong Tunjuk Rossa sebagai Brand Ambassador Kampanye Langgeng Bersama . Kolaborasi ini menjadi langkah strategis Changhong untuk semakin mendekatkan diri dengan masyarakat melalui sosok yang inspiratif, hangat, dan dicintai lintas generasi.",2,dpr_human_verified
"Hasil La Liga Getafe vs Racing Santander, Gol Enes Unai Pastikan Kemenangan Azulones. Getafe berhasil menundukkan Racing Santander dengan skor tipis 1-0 dalam lanjutan La Liga berkat gol tunggal Enes Unai di menit ke-81.",2,dpr_human_verified
"Naik 10 , Grand Slam AS Terbuka 2026 Tawarkan Hadiah Terbesar dalam Sejarah. Pertandingan Grand Slam AS Terbuka 2026 menawarkan hadiah termasuk kontribusi dana kesejahteraan.",2,dpr_human_verified
"Sedikitnya 11 tewas dalam penembakan terpisah di Cape Town, Afsel. Sedikitnya 11 orang tewas dalam tiga insiden penembakan terpisah di wilayah metropolitan Cape Town, Afrika Selatan, ..",0,dpr_human_verified
"Menantu Trump Jared Kushner Lobi Israel untuk Rencana Perdamaian Gaza. Utusan Donald Trump, Jared Kushner, akan mengunjungi Israel dan Mesir untuk menjembatani perbedaan terkait rencana perdamaian dan gencatan senjata Gaza.",1,dpr_human_verified
"Sisi Lain Lapas Perempuan Bandung Ada Bayi, MPASI hingga Jalan-jalan Keluar. Sisi lain Lapas perempuan Bandung Ada bayi, MPASI hingga jalan-jalan keluar.",1,dpr_human_verified
"Pemkot Pekanbaru terapkan pembelajaran daring bagi peserta didik. Pemerintah Kota Pekanbaru, Provinsi Riau menerapkan pembelajaran jarak jauh PJJ atau daring dari rumah bagi peserta ..",1,dpr_human_verified
"Mendag Budi Santoso Dorong UMKM Naik Kelas lewat Penguatan Rantai Nilai Global. Mendag Budi Santoso mendorong penguatan akses pembiayaan UMKM, konektivitas, fasilitasi perdagangan, kapasitas domestik, serta kerja sama BRICS untuk membangun rantai nilai global yang tangguh dan inklusif.",2,dpr_human_verified
"KPK Geledah 15 Lokasi di Empat Kota, Usut Kasus Pemerasan Bupati Pemalang. Penyidik KPK menyasar 10 rumah di Pemalang, dua rumah di Tegal, dua rumah di Pekalongan, dan satu rumah di Semarang",1,dpr_human_verified
"KAI Targetkan Tahap Pertama Proyek Green Line Rampung 2027. KAI menargetkan pengembangan KRL Green Line Tanah Abang-Rangkasbitung rampung pada 2027, dengan penambahan gardu listrik dan modernisasi rangkaian.",1,dpr_human_verified
"Kolaborasi Pemkot Bekasi dan Kejaksaan Dukung Olahraga bagi Disabilitas. Melalui PEPARPEDA, para atlet pelajar disabilitas memperoleh kesempatan untuk menunjukkan kemampuan, kedisiplinan, semangat berkompetisi, dan potensi yang dimiliki pada cabang olahraga yang dipertandingkan.",2,dpr_human_verified
"Judi Online Modus Pulsa Terbongkar, Transaksi Capai Rp 890 M. Pengungkapan kasus dugaan judi online judol oleh Bareskrim Polri. Liputan6.com Rifqy",0,dpr_human_verified
"Iran Kecam Sanksi Ekonomi dari AS, Sebut Rusak Tatanan Global. Iran kecam sanksi ekonomi baru AS dan menilainya sebagai pelanggaran kedaulatan dan hukum internasional, serta memperingatkan dampak negatif ke tatanan global.",0,dpr_human_verified
"PLN Lakukan Pemulihan Kelistrikan Pascagempa M7.0 di Laut Flores. PLN memulihkan sistem kelistrikan NTT setelah gempa M7,7 mengguncang Laut Flores. PLTMG Maumere dan Rangko sempat padam akibat gempa susulan.",0,dpr_human_verified
"Bos Gendut Gembong Narkoba Kampung Bahari Ditangkap Saat Sedot Lemak. Gembong narkoba Kampung Bahari, MR atau Bos Gendut, ditangkap saat sedot lemak di salon. Ia terlibat kasus narkoba dan pencucian uang.",0,dpr_human_verified
Transmart Full Day Sale! Alat Kebersihan Jadi Semurah Ini. Transmart Full Day Sale kembali hadir pada Minggu 28 8 2026 .,1,dpr_human_verified
"Ketua RT di Pamulang Tangsel Jadi Tersangka Usai Tegur Warga Bakar Sampah. Ketua RT di Pamulang, Tangsel menjadi tersangka kasus dugaan penganiayaan. Kasus ini bermula saat Chris menegur warga bernama Fakhriadi karena membakar sampah.",0,dpr_human_verified
Prabowo Segera Tinjau Korban Gempa NTT. Prabowo akan melihat langsung kondisi korban gempa di NTT.,0,dpr_human_verified
"Sakit Hati Disebut Kampungan, Siswa di Kupang Tikam Guru Saat Tidur. Arifin menjelaskan A baru sekitar dua tahun menetap di Kota Kupang. Setelah menyelesaikan pendidikan SMP di Kabupaten Alor, A meneruskan sekolah di SMK Pelayaran Lasiana",1,dpr_human_verified
"Program PESAT Malinau Ciptakan Lapangan Kerja. Program Pertanian Sehat yang diinisiasi Bupati Malinau, Wempi W. Mawa, tak hanya memperkuat ketahanan pangan tapi juga membuka lapangan kerja.",1,dpr_human_verified
BBMKG Waspada potensi rob di enam pesisir Bali pada 11 17 Agustus. Balai Besar Meteorologi Klimatologi dan Geofisika BBMKG Wilayah II Denpasar meminta masyarakat mewaspadai potensi ..,0,dpr_human_verified
Menteri Ekonomi Kreatif Dukung Padang Jadi City of Gastronomy UNESCO. Menteri Ekonomi Kreatif Teuku Riefky Harsya mendukung langkah Padang menuju City of Gastronomy UNESCO melalui penguatan ekosistem ekonomi kreatif dan pembenahan sektor gastronomi.,2,dpr_human_verified
Polisi Bakal Bongkar Makam Sutrimo Usai Kematian Dinilai Janggal. Penyidik dari Polda Metro Jaya bakal melakukan ekshumasi terhadap jasad Sutrimo menyusul laporan dari kerabat soal dugaan kejanggalan kematiannya.,0,dpr_human_verified
"Dituding Jadi Wanita Berbaju Putih Challenge Miras, Nadhea Klarifikasi. Nadhea Devi membantah tudingan sebagai wanita berbaju putih dalam kasus miras di festival musik. Dia bantah keterlibatan dan minta netizen tidak gegabah.",0,dpr_human_verified
"Sambut HUT RI ke 81 TNI Polri Bersihkan Sampah di Kanal Banjir Barat. Ratusan personel gabungan TNI POLRI dan petugas penanganan prasarana dan sarana umum PPSU mengangkat sampah liar di Kanal Banjir Barat kawasan RPTRA Kalijodoh Jakarta, Sabtu , 15 Agustus 2026. KLY Arie Basuki .",0,dpr_human_verified
Purbaya Anggaran TKD Rp44 miliar untuk NTT sudah disalurkan. Purbaya Anggaran TKD Rp44 miliar untuk NTT sudah disalurkan,1,dpr_human_verified
"DPR Dukung Pemerintah Perketat Naturalisasi WNA Demi Lindungi Aset RI. Ketua Komisi XII DPR Willy Aditya mendorong pemerintah memperketat naturalisasi, tak cuma berdasarkan status atlet maupun ikatan pernikahan.",2,dpr_human_verified
"Ketum PP Mardiono Putusan MK Soal Pilkada Langsung Tak Ada yang Berubah. REPUBLIKA.CO.ID, MATARAM, Ketua Umum Partai Persatuan Pembangunan PP Muhamad Mardiono menanggapi putusan Mahkamah Konstitusi MK yang menegaskan bahwa pemilihan kepala daerah Pilkada di Indonesia wajib tetap dilaksanakan secara..",2,dpr_human_verified
Hashim Djojohadikusumo Jangan Borong Hunian Terjangkau. Hashim Djojohadikusumo mengingatkan hunian terjangkau tidak boleh diborong agar masyarakat mendapat kesempatan memiliki apartemen secara adil.,2,dpr_human_verified
"Shin Tae-yong Siapkan Persija Hadapi Dua Tim Thailand, Pemain Timnas Indonesia Dapat Perlakuan Khusus. Shin Tae-yong menyiapkan Persija menghadapi dua tim Thailand. Enam pemain Timnas Indonesia mendapat program khusus usai Piala AFF 2026 sebelum Super League.",1,dpr_human_verified
"Perpres Ojol Bakal Terbit Akhir Bulan Ini, Atur Potongan Tarif Angkutan Orang hingga Makanan. Peraturan Presiden Perpres mengenai ojek online ojol masih dalam proses finalisasi. Diperkirakan aturan tersebut akan rampung pada akhir bulan Agustus ini.",1,dpr_human_verified
Lebih BanyakFlash Video. Lebih BanyakFlash Video,1,dpr_human_verified
"BRI Resmi Luncurkan BRImo Taiwan, Perluas Akses Layanan Keuangan bagi Diaspora Indonesia di Taiwan. BRI meluncurkan BRImo Taiwan untuk memudahkan diaspora Indonesia dan PMI mengakses layanan perbankan, transaksi harian, serta pengiriman dana ke Indonesia.",1,dpr_human_verified
Kemenag Rilis Panduan Takbiran di Bali Jika Berbarengan dengan Nyepi. Kemenag Rilis Panduan Takbiran di Bali Jika Berbarengan dengan Nyepi,1,dpr_human_verified
"Jasa Marga Perkuat Layanan Tol Berbasis Teknologi, Utamakan Keselamatan Pengguna. REPUBLIKA.CO.ID, JAKARTA, PT Jasa Marga Persero Tbk menegaskan komitmennya dalam memperkuat layanan jalan tol berbasis teknologi dengan fokus utama pada keselamatan pengguna. Transformasi ini dilakukan melalui peningkatan kualitas..",2,dpr_human_verified
"Gempa NTT Menewaskan 33 Orang, Istana Berduka. Tim penyelamat mencari korban di reruntuhan setelah gempa berkekuatan magnitudo 7,7 mengguncang Pulau Flores di Pelabuhan Laurensius Say di Maumere, Sikka, Nusa Tenggara Timur, Sabtu, 15 Agustus 2026. AFP Arnold Welianto",0,dpr_human_verified
"Kejar Mimpi Rising Start Digelar di Bandung, Upaya CIMB Niaga Lakukan Edukasi dan Literasi Keuangan Anak Muda. CIMB Niaga menggulirkan gerakan utama yang dirancang khusus untuk mewadahi aspirasi, pengembangan diri, dan literasi keuangan anak muda Indonesia.",1,dpr_human_verified
Dukung Gaya Hidup Penghuni dengan Hadirkan Fasilitas Terpadu. Kawasan seluas 2.00 hektare yang berjarak 500 meter dari Stasiun KRL Maja ini mengusung konsep kota terpadu.,2,dpr_human_verified
"Dukung Swasembada Pangan, Polda Banten Panen Raya Jagung Kuartal IV 2025. Dukung Swasembada Pangan, Polda Banten Panen Raya Jagung Kuartal IV 2025",2,dpr_human_verified
Ketua Kwartir Cabang Pekanbaru Terima Lencana Darma Bakti di Peringatan Hari Pramuka ke-65. Lencana Darma Bakti merupakan tanda penghargaan bagi seseorang di dalam maupun di luar Gerakan Pramuka yang telah memberikan jasa atau pengabdian besar bagi perkembangan Gerakan Pramuka dan kepramukaan dunia.,1,dpr_human_verified
"Kebutuhan Hunian Terus Meningkat, Pasar Apartemen di Jatinangor kian Menjanjikan. Sebagai salah satu kawasan pendidikan, kebutuhan hunian di Jatinangor bagi mahasiswa maupun pekerja menjadi peluang tersendiri bagi bisnis apartemen.",2,dpr_human_verified
"Update Korban Gempa M 7 NTT 14 Orang Tewas dan 13 Luka. Dari 14 korban tewas, 3 di antaranya di Sikka. Kemudian 6 orang meninggal dunia di Manggarai, lalu 5 orang meninggal dunia di Manggarai Timur.",0,dpr_human_verified
"Peringatan Tsunami Gempa NTT Berakhir, Warga Diminta Tetap Jauhi Pantai. Pelaksana Tugas Plt Kepala Pusat Data, Informasi, dan Komunikasi Kebencanaan Kapusdatinkom BNPB Berton Suar Pelita Panjaitan saat menyampaikan keterangan pers terkait gempa NTT. Istimewa",0,dpr_human_verified
34.256 jiwa di Nagekeo masih mengungsi akibat gempa bumi NTT. ANTARA -,0,dpr_human_verified
"Gubernur NTT Korban Meninggal Akibat Gempa Bertambah Jadi Lima Orang. Gubernur NTT Melki Laka Lena mengatakan jumlah korban meninggal dunia akibat gempa berkekuatan magnitudo 7,7 di Mbay, Kabupaten Nagekeo bertambah menjadi lima orang.",0,dpr_human_verified
Kemenimipas-Kemenkes gelar pemeriksaan katarak dan CKGsambut HUT RI. Kementerian Imigrasi dan Pemasyarakatan bersama Kementerian Kesehatan melaksanakan pemeriksaan katarak dan cek ..,1,dpr_human_verified
"Empat orang tewas dalam insiden kekerasan di Chicago, Amerika Serikat. Empat orang tewas dalam insiden penembakan dan penikaman yang terjadi secara terpisah sepanjang malam di Chicago, ..",0,dpr_human_verified
"Kesehatan Saluran Cerna Jadi Kunci Tumbuh Kembang Optimal Anak. Ahli kesehatan menegaskan, saluran cerna tidak hanya berperan dalam proses pencernaan dan penyerapan nutrisi, tetapi juga memiliki kaitan erat dengan perkembangan imun",2,dpr_human_verified
"Le Minerale Jadi Official Mineral Water, Dukung Ribuan Pelari di Surabaya Marathon 2026. Sebanyak 7.00 pelari dari berbagai daerah di Indonesia dan mancanegara memadati Kota Surabaya dalam gelaran Le Minerale Surabaya Marathon 2026.",2,dpr_human_verified
"Hasil Ligue 1 Angers vs Lille, Calvin Verdonk Main, Les Dogues Menang. Lille sukses mengalahkan Angers 2-0 pada laga perdana Ligue 1 2026 2027. Olivier Giroud dan Tiago Santos jadi penentu kemenangan, Calvin Verdonk masuk sebagai pemain pengganti.",2,dpr_human_verified
Reuni Che Nelle dan EIGO Lewat Lagu Taisetsu na Mono untuk DOCOMO Future Museum. Che Nelle kembali bekerja sama dengan penulis lagu EIGO untuk merilis,1,dpr_human_verified
"MRT Siapkan 24 Area Komersial di Jalur Bawah Tanah Bundaran HI. PT MRT Jakarta siapkan 24 area multifungsi di Stasiun Bundaran HI. Ruang 4.439 m² ini mendukung ritel, FdanB, dan layanan untuk pengguna MRT.",2,dpr_human_verified
"Terpopuler Mobil Listrik Bukan Satu-satunya Jawaban, 37 Mobil Baru di GIIAS, hingga EV Bisa Tambah Jarak Tempuh. Info Toyota menilai mobil listrik bukan satu-satunya solusi Indonesia, 37 mobil baru di GIIAS 2026, dan ada EV yang bisa menambah jarak tempuh sendiri jadi populer.",2,dpr_human_verified
"Harga Emas Antam Hari Ini Tak Berubah di Rp2,69 Juta per Gram. Harga emas Antam ANTM pada hari ini, Senin 10 8 2026 stagnan di Rp2.690.00 per gram.",1,dpr_human_verified
"Bank Mandiri Perkuat Sinergi dengan Garuda Indonesia lewat GATF 2026. Bank Mandiri dan Garuda Indonesia gelar GATF 2026 pada 28-30 Agustus di JICC, Nikmati cashback hingga Rp7 juta dan berbagai penawaran menarik lainnya.",2,dpr_human_verified
Jusuf Kalla dukung GIHES 2026 untuk fokus pada pendidikan berkarakter.,2,dpr_human_verified
"Kota Padang Panjang Luncurkan Aplikasi Papago, Perkuat Transformasi Digital Pelayanan Publik. Pemerintah Kota Padang Panjang meluncurkan Papago untuk mengintegrasikan informasi dan layanan pemerintah dalam satu platform sekaligus memudahkan masyarakat menyampaikan aduan, aspirasi, serta mengakses berbagai informasi publik.",1,dpr_human_verified
"Rumah Buatan BRIN Tak Ambruk Usai Diguncang Gempa NTT, Ini Rahasianya. BRIN mengonfirmasi tiga rumah tahan gempa di NTT tetap berdiri setelah diguncang gempa M7,7 dan rentetan gempa susulan.",0,dpr_human_verified
"Sejarah Gempa Dahsyat di Bali hingga Nusa Tenggara Akibat Sesar Naik Flores. Gempa bumi berkekuatan magnitudo M 7,7 mengguncang wilayah Nusa Tenggara Timur NTT , Sabtu 15 8 2026 pagi. Gempa berpusat sekitar 30 kilometer timur laut Mbay, Kabupaten Nagekeo.",0,dpr_human_verified
BNSP lakukan penyaksian uji pertama LSP guna perkuat kompetensi 80 SDM. Badan Nasional Sertifikasi Profesi BNSP melakukan penyaksian uji pertama terhadap proses asesmen yang dilakukan enam ..,1,dpr_human_verified
"Menkum soal Wacana Pengadilan Ad Hoc BUMN Jadi Warning Buat Semua. Menteri Hukum, Supratman Andi Agtas mengatakan, wacana pengadilan ad hoc untuk mengusut pengelolaan BUMN adalah bentuk warning atau peringatan.",1,dpr_human_verified
"Kasus 996 Senjata di Sekolah, Kuasa Hukum Bantah Ada Ekskul Menembak. Yayasan Harapan Ibu Pondok Pinang YHI-PP memberlakukan sistem pendidikan jarak jauh PJJ selama satu minggu setelah polisi menemukan 996 senjata di ruangan mantan ketua yayasan. Liputan6.com Rifqy Alief Abiyya",0,dpr_human_verified
"China Bersiap Menyerang, Taiwan Siapkan Neraka Drone . Taktik Taiwan ini terinspirasi dari perang di Ukraina.",1,dpr_human_verified
"36 Ribu Kendaraan Melintas di Puncak Bogor, Lalin Megamendung-Cisarua Padat. Polisi mencatat 36 ribu kendaraan melintas di Jalan Raya Puncak pada long weekend. Penerapan sistem one way mengakibatkan kepadatan di beberapa titik.",0,dpr_human_verified
Veda Ega Pratama Finis 10 Besar di Moto3 Inggris 2026 Silverstone. Pembalap Indonesia Veda Ega Pratama berhasil finis di posisi kesembilan pada Moto3 Inggris 2026 di Sirkuit Silverstone setelah memulai balapan dari posisi ke-15.,2,dpr_human_verified
PNM Peduli Bergerak Penuhi Kebutuhan Warga Terdampak Gempa NTT. Sebanyak 147 paket bantuan dengan total nilai Rp 144 juta disalurkan kepada 1.347 penerima manfaat di delapan titik pengungsian wilayah terdampak.,2,dpr_human_verified
"Tak Perlu Bingung, Kini Lapor Polisi Bisa Lewat SuperApp Polri dan Langsung Terhubung ke Polsek. Kualitas pelayanan ke masyarakat lewat teknologi digital, terus dilakukan Polri. Yang terbaru lewat aplikasi SuperApp Polri yang punya fitur layanan darurat 110.",0,dpr_human_verified
Hujan Es Terjang 3 Distrik Lanny Jaya Papua Bikin Petani Gagal Panen. Hujan es di Lanny Jaya merusak tanaman dan menyebabkan petani gagal panen. Bupati Aletinus Yigibalom bentuk Tim Tanggap Darurat untuk penanganan bencana.,0,dpr_human_verified
"Beban Utang G7 Memuncak AS Tembus Rp707 Ribu Triliun, Suku Bunga Global Ancam Keuangan Dunia. Perekonomian negara-negara maju G7 menghadapi tekanan finansial paling sengit dalam beberapa dekade terakhir. Dipicu oleh lonjakan utang Amerika menembus rekor Rp707.154 triliun.",2,dpr_human_verified
BMKG Gempa Susulan NTT Masih Terus Terjadi hingga 30 Hari ke Depan. BMKG memprakirakan gempa susulan di NTT akan berlangsung 30 hari ke depan. Sejauh ini tercatat 3.002 gempa susulan.,0,dpr_human_verified
"Pertamina Patra Niaga Kirim Logistik bagi Penyintas Gempa di Palue. PT Pertamina Patra Niaga menyalurkan bantuan logistik dan kebutuhan dasar kepada 534 penyintas gempa di Kecamatan Palue, Kabupaten Sikka, Nusa Tenggara Timur.",0,dpr_human_verified
"Tak Selalu Permanen, Uban karena Stres Ternyata Bisa Menghitam Kembali. Uban ternyata tak selalu permanen. dr. Adam Prabata mengungkap stres dapat memengaruhi warna rambut, bahkan uban bisa kembali ke warna aslinya saat stres menurun.",1,dpr_human_verified
Bareskrim bongkar dugaan peredaran narkoba di HH Club Batam. Direktorat Tindak Pidana Narkoba Badan Reserse Kriminal Polri membongkar kasus dugaan peredaran narkoba di tempat ..,0,dpr_human_verified
MUI Hadiah Lomba 17 Agustus yang Berasal dari Uang Pendaftaran Peserta Tergolong Judi. MUI ingatkan hukum menggunakan uang pendaftaran peserta sebagai sumber biaya hadiah lomba 17 Agustus tergolong praktik judi qimar .,0,dpr_human_verified
"Projo Gelar HUT ke-12 di Jakarta, Budi Arie Tegaskan Dukung Prabowo. Jokowi absen dalam peringatan hari ulang tahun HUT ke-12 salah satu organisasi relawan utamanya, Projo.",2,dpr_human_verified
"Pemerintah Perkuat Food Estate Kalteng dengan Manajemen Risiko Lintas Sektor. REPUBLIKA.CO.ID, JAKARTA, Pemerintah memperkuat pengembangan food estate di Kalimantan Tengah Kalteng melalui penerapan manajemen risiko lintas sektor. Langkah ini diambil untuk meningkatkan efektivitas proyek, mendukung target swasembada pangan,..",2,dpr_human_verified
"Trump Ingin Akhiri Perang dengan Iran Meski tanpa Kesepakatan Nuklir. Donald Trump dilaporkan bersiap mempertimbangkan penghentian perang dengan Iran tanpa kesepakatan nuklir, dengan syarat Selat Hormuz dibuka secara penuh.",1,dpr_human_verified
"Gempa M7,7 Guncang Flores NTT, BMKG Ungkap Sesar Aktif yang Patut Diwaspadai. Gempa NTT M7,7 pada 15 Agustus 2026 dipicu sesar naik busur belakang Flores. BMKG ungkap potensi gempa M7,8-7,9 dan catat 52 gempa susulan. Simak selengkapnya.",0,dpr_human_verified
"Trump Klaim Bakal Kuasai Selat Hormuz, Iran Reaksi Keras Akan Tetap Milik Iran! . Iran tegaskan Selat Hormuz tetap milik mereka usai Donald Trump mengklaim akan menjadikan jalur pelayaran vital tersebut sebagai wilayah AS.",1,dpr_human_verified
Pria Kelahiran Israel Buka Jasa Urus Visa ke Bali Dideportasi. BR warga kelahiran Israel dideportasi dari Bali karena melanggar izin tinggal. Ia membuka jasa urus visa ke Pulau Dewata RI.,0,dpr_human_verified
"Sepekan Terpapar Asap Karhutla, Warga Palangka Raya Alami Batuk Parah. Kabut asap masih membumbung tinggi dan menyelimuti Palangka Raya, Kalimantan Tengah, setelah sepekan dilanda kebakaran hutan dan lahan karhutla .",0,dpr_human_verified
"Galeri 24 Buka Lelang Relokasi dan Renovasi Pabrik Senilai Rp 95,15 Miliar. Galeri 24 membuka pelelangan pengadaan pekerjaan relokasi, renovasi, dan penambahan ruangan pabrik serta pengolahan terintegrasi. Nilai proyek mencapai Rp 95,15 miliar, termasuk PPN sebesar 11 persen.",2,dpr_human_verified
"Update Gempa M7,7 NTT 14 Orang Meninggal dan Puluhan Bangunan Rusak. Gempa bumi berkekuatan magnitudo M 7,7 yang mengguncang wilayah Nusa Tenggara Timur NTT pada Sabtu 15 8 2026 pukul 04.58.24 WIB mengakibatkan korban jiwa dan kerusakan bangunan di sejumlah wilayah.",0,dpr_human_verified
Cerita dari Lantai 16 Saat Gedung Bapenda Terbakar. Gedung Bapenda DKI Kebakaran. Liputan6.com Winda Nelfira,0,dpr_human_verified
"Ada yang Tolak Jalur Sepeda Dihapus, Ini Respons Pemprov DKI. Sejumlah warga tidak sepakat bila nantinya jalur sepeda di Jakarta dihapus. Pemprov DKI Jakarta siap mencari solusi terbaik.",2,dpr_human_verified
"Febrie Gugat Penahanan Kejagung, Minta Dibebaskan Hakim Praperadilan. Mantan Jaksa Agung Muda, Febrie Adriansyah, ajukan praperadilan untuk batalkan penahanan dan nyatakan tidak sah surat perintah penahanan terkait kasus TPPU.",0,dpr_human_verified
"Puncak Bogor Terasa Lebih Dingin Saat Kemarau, Pakar IPB University Ungkap Penyebabnya. Di tengah musim kemarau panjang saat ini, suhu udara di kawasan Puncak, Kabupaten Bogor, justru terasa semakin dingin menjelang sore hingga malam hari.",1,dpr_human_verified
Dorong Kolaborasi Lintas Perspektif untuk Masa Depan Arsitektur Indonesia. LIXIL Water Technology Indonesia mendorong penguatan kolaborasi lintas disiplin dalam pengembangan arsitektur dan desain di Indonesia melalui penyelenggaraan LDAD 2026.,2,dpr_human_verified
"Kasus 996 Senjata di Sekolah, Kuasa Hukum Bantah Ada Ekskul Menembak. Yayasan Harapan Ibu Pondok Pinang YHI-PP memberlakukan sistem pendidikan jarak jauh PJJ selama satu minggu setelah polisi menemukan 996 senjata di ruangan mantan ketua yayasan. Liputan6.com Rifqy Alief Abiyya",0,dpr_human_verified
"Dari Santunan Menuju Kemandirian, PEKA Dorong Keluarga Pekerja Bangkit. BPJS Ketenagakerjaan menghadirkan pendampingan dan pemberdayaan bagi keluarga pekerja agar mampu bangkit, memiliki keterampilan, membangun sumber penghidupan baru, dan hidup mandiri melalui program PEKA.",2,dpr_human_verified
"Banjir Landa Suriah, 2 Anak dan 1 Relawan Tewas. Banjir Landa Suriah, 2 Anak dan 1 Relawan Tewas",0,dpr_human_verified
Rupiah Menguat ke Rp17.729 per Dolar AS Jelang Akhir Pekan. Nilai tukar rupiah menguat menjadi Rp17.729 per dolar AS. Analis memprediksi konsolidasi menjelang rilis data neraca transaksi berjalan Indonesia.,1,dpr_human_verified
Gus Ipul Tekankan Tiga Prioritas dalam Pengelolaan Sekolah Rakyat. Gus Ipul menekankan pentingnya membangun budaya disiplin dan kepedulian terhadap fasilitas sekolah rakyat yang merupakan aset negara.,2,dpr_human_verified
Andre Rosiade Bagikan 1.00 Paket Sembako di Ketaping Kuranji. Andre Rosiade Bagikan 1.00 Paket Sembako di Ketaping Kuranji,1,dpr_human_verified
"Sore Ketika Pasar Memilih Percaya. Pidato Presiden Prabowo soal RAPBN 2027 mendorong optimisme pasar. IHSG menguat 1,59 pada 14 Agustus 2026 di tengah harapan terhadap kepastian fiskal dan reformasi.",2,dpr_human_verified
"DPRD Bandung Perketat Pengawasan Proyek RSUD dan Gedung Inspektorat, Risiko Hukum hingga Anggaran Dipetakan. DPRD Kota Bandung mulai memetakan berbagai potensi risiko dalam proyek pembangunan Gedung Rumah Sakit Umum Daerah RSUD Kota Bandung dan Gedung Inspektorat Daerah.",2,dpr_human_verified
